-- phpMyAdmin SQL Dump
-- version 4.1.14
-- http://www.phpmyadmin.net
--
-- Host: 127.0.0.1
-- Generation Time: Jul 08, 2015 at 01:33 PM
-- Server version: 5.6.17
-- PHP Version: 5.5.12

SET FOREIGN_KEY_CHECKS=0;
SET SQL_MODE = "NO_AUTO_VALUE_ON_ZERO";
SET time_zone = "+00:00";

--
-- Database: `scenariotracker`
--

--
-- Dumping data for table `authors`
--

INSERT INTO `authors` (`id`, `name`, `created_on`, `updated_on`, `deleted`) VALUES
(1, 'Michael Kortes', '2015-05-26 13:01:56', '2015-05-26 13:01:56', NULL),
(2, 'Tim Hitchcock', '2015-05-26 13:01:56', '2015-05-26 13:01:56', NULL),
(3, 'Greg A. Vaughan', '2015-05-26 13:01:56', '2015-05-26 13:01:56', NULL),
(4, 'Craig Shackleton', '0000-00-00 00:00:00', '0000-00-00 00:00:00', NULL),
(5, 'Nicolas Logue', '0000-00-00 00:00:00', '0000-00-00 00:00:00', NULL),
(6, 'Eileen Connors', '0000-00-00 00:00:00', '0000-00-00 00:00:00', NULL),
(7, 'Tim Connors', '0000-00-00 00:00:00', '0000-00-00 00:00:00', NULL),
(8, 'Joshua J. Frost', '0000-00-00 00:00:00', '0000-00-00 00:00:00', NULL),
(9, 'Lou Agresta', '0000-00-00 00:00:00', '0000-00-00 00:00:00', NULL),
(10, 'Jonathan H. Keith', '0000-00-00 00:00:00', '0000-00-00 00:00:00', NULL),
(11, 'Matthieu Dayon', '0000-00-00 00:00:00', '0000-00-00 00:00:00', NULL),
(12, 'Larry Wilhelm', '0000-00-00 00:00:00', '0000-00-00 00:00:00', NULL),
(13, 'Steven Robert', '0000-00-00 00:00:00', '0000-00-00 00:00:00', NULL),
(14, 'James F. MacKenzie', '0000-00-00 00:00:00', '0000-00-00 00:00:00', NULL),
(15, 'Elizabeth Leib', '0000-00-00 00:00:00', '0000-00-00 00:00:00', NULL),
(16, 'Christopher Self', '0000-00-00 00:00:00', '0000-00-00 00:00:00', NULL),
(17, 'Shane Cottom', '0000-00-00 00:00:00', '0000-00-00 00:00:00', NULL),
(18, 'Steven T. Helt', '0000-00-00 00:00:00', '0000-00-00 00:00:00', NULL),
(19, 'Clinton J. Boomer', '0000-00-00 00:00:00', '0000-00-00 00:00:00', NULL),
(20, 'Alison McKenzie', '0000-00-00 00:00:00', '0000-00-00 00:00:00', NULL),
(21, 'Craig Campbell', '0000-00-00 00:00:00', '0000-00-00 00:00:00', NULL),
(22, 'Benjamin Wenham', '0000-00-00 00:00:00', '0000-00-00 00:00:00', NULL),
(23, 'C. Robert Brown', '0000-00-00 00:00:00', '0000-00-00 00:00:00', NULL),
(24, 'David Eitelbach', '2015-07-04 00:00:00', '2015-07-04 00:00:00', NULL),
(25, 'Hank Woon', '2015-07-04 00:00:00', '2015-07-04 00:00:00', NULL),
(26, 'Sean K. Reynolds', '2015-07-04 00:00:00', '2015-07-04 00:00:00', NULL),
(27, 'Rob McCreary', '2015-07-04 00:00:00', '2015-07-04 00:00:00', NULL),
(28, 'Mark Moreland', '2015-07-04 00:00:00', '2015-07-04 00:00:00', NULL),
(29, 'Crystal Frasier', '2015-07-04 00:00:00', '2015-07-04 00:00:00', NULL),
(30, 'Erik Mona', '2015-07-04 00:00:00', '2015-07-04 00:00:00', NULL),
(31, 'Adam Daigle', '2015-07-04 00:00:00', '2015-07-04 00:00:00', NULL),
(32, 'Neil Spicer', '2015-07-04 00:00:00', '2015-07-04 00:00:00', NULL),
(33, 'Thurston Hillman', '2015-07-04 00:00:00', '2015-07-04 00:00:00', NULL),
(34, 'Jason Bulman', '2015-07-04 00:00:00', '2015-07-04 00:00:00', NULL),
(35, 'Kevin Wright', '2015-07-04 00:00:00', '2015-07-04 00:00:00', NULL),
(36, 'Owen K.C. Stephens', '2015-07-04 00:00:00', '2015-07-04 00:00:00', NULL),
(37, 'Martin Long', '2015-07-04 00:00:00', '2015-07-04 00:00:00', NULL),
(38, 'Jesse Benner', '2015-07-04 00:00:00', '2015-07-04 00:00:00', NULL),
(39, 'Matthew Goodall', '2015-07-04 00:00:00', '2015-07-04 00:00:00', NULL),
(40, 'Alex Greenshields', '2015-07-04 00:00:00', '2015-07-04 00:00:00', NULL),
(41, 'Patrick Renie', '2015-07-04 00:00:00', '2015-07-04 00:00:00', NULL),
(42, 'Hyrum Savage', '2015-07-04 00:00:00', '2015-07-04 00:00:00', NULL);

--
-- Dumping data for table `j_author_scenario`
--

INSERT INTO `j_author_scenario` (`scenario_id`, `author_id`) VALUES
(1, 1),
(83, 1),
(2, 2),
(16, 2),
(24, 2),
(34, 2),
(40, 2),
(47, 2),
(70, 2),
(78, 2),
(3, 3),
(20, 3),
(42, 3),
(62, 3),
(63, 3),
(65, 3),
(4, 4),
(13, 4),
(33, 4),
(5, 5),
(6, 6),
(6, 7),
(7, 8),
(10, 8),
(26, 8),
(29, 8),
(30, 8),
(36, 8),
(49, 8),
(51, 8),
(52, 8),
(58, 8),
(61, 8),
(71, 8),
(73, 8),
(8, 9),
(14, 10),
(17, 11),
(22, 12),
(38, 12),
(41, 12),
(48, 12),
(60, 12),
(66, 12),
(74, 12),
(23, 13),
(39, 13),
(80, 13),
(27, 14),
(37, 14),
(56, 14),
(28, 15),
(9, 16),
(15, 16),
(10, 17),
(10, 18),
(11, 19),
(25, 19),
(12, 20),
(18, 21),
(19, 22),
(21, 23),
(31, 24),
(31, 25),
(44, 25),
(32, 26),
(35, 27),
(43, 28),
(47, 28),
(54, 28),
(64, 28),
(69, 28),
(45, 29),
(57, 29),
(68, 29),
(79, 29),
(46, 30),
(50, 31),
(53, 32),
(55, 33),
(59, 34),
(62, 35),
(63, 35),
(65, 35),
(67, 36),
(72, 37),
(75, 38),
(76, 39),
(77, 40),
(81, 41),
(82, 42);

--
-- Dumping data for table `j_scenario_person`
--

INSERT INTO `j_scenario_person` (`scenario_id`, `person_id`, `pfs`, `core`, `pfs_gm`, `core_gm`) VALUES
(1, 1, NULL, NULL, NULL, NULL),
(2, 2, NULL, NULL, NULL, NULL);

--
-- Dumping data for table `j_scenario_subtier`
--

INSERT INTO `j_scenario_subtier` (`id`, `scenario_id`, `subtier_id`) VALUES
(1, 1, 4),
(2, 1, 2),
(3, 2, 2),
(4, 2, 4),
(5, 3, 2),
(6, 3, 4),
(7, 4, 2),
(8, 4, 4),
(9, 5, 2),
(10, 5, 4),
(11, 6, 2),
(12, 6, 4),
(13, 7, 2),
(14, 7, 3),
(15, 7, 6),
(16, 8, 2),
(17, 8, 4),
(18, 9, 2),
(19, 9, 4),
(20, 10, 2),
(21, 10, 3),
(22, 10, 6),
(23, 11, 2),
(24, 11, 4),
(25, 12, 2),
(26, 12, 3),
(27, 12, 6),
(28, 13, 2),
(29, 13, 4),
(30, 14, 2),
(31, 14, 3),
(32, 14, 6),
(33, 15, 2),
(34, 15, 3),
(35, 15, 6),
(36, 16, 5),
(37, 16, 9),
(38, 17, 2),
(39, 17, 3),
(40, 17, 6),
(41, 18, 5),
(42, 18, 9),
(43, 19, 2),
(44, 19, 3),
(45, 19, 6),
(46, 20, 8),
(47, 20, 10),
(48, 21, 5),
(49, 21, 9),
(50, 22, 8),
(51, 22, 10),
(52, 23, 2),
(53, 23, 4),
(54, 24, 2),
(55, 24, 3),
(56, 24, 6),
(57, 25, 5),
(58, 25, 9),
(59, 26, 8),
(60, 26, 10),
(61, 27, 5),
(62, 27, 9),
(63, 28, 8),
(64, 28, 10),
(65, 29, 2),
(66, 29, 3),
(67, 29, 6),
(68, 30, 2),
(69, 30, 3),
(70, 30, 6),
(71, 31, 5),
(72, 31, 9),
(73, 32, 8),
(74, 32, 10),
(75, 33, 2),
(76, 33, 4),
(77, 34, 8),
(78, 34, 10),
(79, 35, 2),
(80, 35, 3),
(81, 35, 6),
(82, 36, 8),
(83, 36, 10),
(84, 37, 2),
(85, 37, 3),
(86, 37, 6),
(87, 38, 8),
(88, 38, 10),
(89, 39, 2),
(90, 39, 4),
(91, 40, 8),
(92, 40, 10),
(93, 41, 2),
(94, 41, 3),
(95, 41, 6),
(96, 42, 8),
(97, 42, 10),
(98, 43, 2),
(99, 43, 3),
(100, 43, 6),
(101, 44, 8),
(102, 44, 10),
(103, 45, 2),
(104, 45, 4),
(105, 46, 11),
(106, 47, 2),
(107, 47, 4),
(108, 48, 2),
(109, 48, 3),
(110, 48, 6),
(111, 49, 2),
(112, 49, 3),
(113, 49, 6),
(114, 50, 5),
(115, 50, 9),
(116, 51, 2),
(117, 51, 3),
(118, 51, 6),
(119, 52, 2),
(120, 52, 3),
(121, 52, 6),
(122, 53, 8),
(123, 53, 10),
(124, 54, 11),
(125, 55, 2),
(126, 55, 3),
(127, 55, 6),
(128, 56, 5),
(129, 56, 9),
(130, 57, 2),
(131, 57, 3),
(132, 57, 6),
(133, 58, 2),
(134, 58, 3),
(135, 58, 6),
(136, 59, 5),
(137, 59, 9),
(138, 60, 8),
(139, 60, 10),
(140, 61, 11),
(141, 62, 5),
(142, 62, 9),
(143, 63, 5),
(144, 63, 9),
(145, 64, 8),
(146, 64, 10),
(147, 65, 5),
(148, 65, 9),
(149, 66, 8),
(150, 66, 10),
(151, 67, 2),
(152, 67, 4),
(153, 68, 8),
(154, 68, 10),
(155, 69, 2),
(156, 69, 4),
(157, 70, 8),
(158, 70, 10),
(159, 71, 2),
(160, 71, 4),
(161, 72, 8),
(162, 72, 10),
(163, 73, 2),
(164, 73, 4),
(165, 74, 8),
(166, 74, 10),
(167, 75, 2),
(168, 75, 4),
(169, 76, 8),
(170, 76, 10),
(171, 77, 2),
(172, 77, 4),
(173, 77, 6),
(174, 78, 11),
(175, 79, 2),
(176, 79, 4),
(177, 79, 6),
(178, 80, 2),
(179, 80, 4),
(180, 80, 6),
(181, 81, 5),
(182, 81, 9),
(183, 82, 8),
(184, 82, 9);

--
-- Dumping data for table `people`
--

INSERT INTO `people` (`id`, `name`, `pfsnumber`, `created_on`, `updated_on`, `deleted`) VALUES
(1, 'Simon', 25642, '0000-00-00 00:00:00', '0000-00-00 00:00:00', NULL),
(2, 'Nieske', 125983, '0000-00-00 00:00:00', '0000-00-00 00:00:00', NULL),
(3, 'Rik', NULL, '0000-00-00 00:00:00', '0000-00-00 00:00:00', NULL),
(4, 'Kwinten', NULL, '0000-00-00 00:00:00', '0000-00-00 00:00:00', NULL),
(5, 'Maite', NULL, '0000-00-00 00:00:00', '0000-00-00 00:00:00', NULL),
(6, 'Willeke', 123251, '0000-00-00 00:00:00', '0000-00-00 00:00:00', NULL);

--
-- Dumping data for table `scenarios`
--

INSERT INTO `scenarios` (`id`, `name`, `description`, `type`, `season`, `number`, `tier`, `levelrange`, `evergreen`, `archived`, `created_on`, `updated_on`, `deleted`) VALUES
(1, 'Silent Tide', 'When strange reports of misty undead spread through Absalom, you and your fellow Pathfinders are dispatched to the half-drowned district of Puddles. Notoriously rough, the drooling addicts, flesh panderers, and quick-handed knifers of Puddles are the least of your worries. The night''s tide brings with it an ancient armada of some long-forgotten war and you are the only thing between their mist-shrouded ghost fleet and Absalom''s utter oblivion.', 'scenario', '0', '1', '1-5', '01|02|03|04|05', 0, NULL, '2015-05-26 13:01:56', '2015-05-26 13:01:56', NULL),
(2, 'The Hydra''s Fang Incident', 'After an Andoren village is razed by the Hydra''s Fang, a renegade Chelish slaver-ship, outrage threatens the stability of both nations. You and your fellow Pathfinders are sent to capture the Fang before the Inner Sea is pitched into political frenzy.', 'scenario', '0', '2', '1-5', '01|02|03|04|05', 0, NULL, '2015-05-26 13:01:56', '2015-05-26 13:01:56', NULL),
(3, 'Murder on the Silken Caravan', 'Volunteers are needed to escort the body of a deceased venture-captain across the parched Qadiran desert to Katheer. The Silken Caravan offers passage, hauling exotic treasures across the perilous sea of sands. You''ll brave bandits, spies, and unwelcome mourners hell-bent on paying respects to your dead companion. Worse still, the caravan''s mistress, a satin-swathed Qadiran princess, has designs of her own on you and your cargo.', 'scenario', '0', '3', '1-5', '01|02|03|04|05', 0, NULL, '2015-05-26 13:01:56', '2015-05-26 13:01:56', NULL),
(4, 'The Frozen Fingers of Midnight', 'Skelg the Ripper, envoy from the Land of the Linnorm Kings, lies wasting in his villa on the outskirts of Absalom. A frigid curse followed Skelg from his northern homeland and grips his bearish heart in its frosty embrace. As the bizarre freezing ailment pushes Skelg to the brink of death, the Society dispatches you and your fellow Pathfinders to uncover the secrets of the freezing curse before Absalom falls to its icy grip.', 'scenario', '0', '4', '1-5', '01|02|03|04|05', 0, NULL, '0000-00-00 00:00:00', '0000-00-00 00:00:00', NULL),
(5, 'Mists of Mwangi', 'Pathfinder Lugizar Trantos recently returned from the Mwangi Expanse with haunted eyes and a pack full of strange idols. Absalom''s famed Blakros Museum purchased his pieces and Lugizar vanished. The strange monkey idols he pulled from the misty jungles of Mwangi carry with them a fell curse, and now their power has laid claim to the museum. Can the Pathfinder Society uncover the source of the curse in time, or will the Blackros Museum be forever lost to the mists of Mwangi?', 'scenario', '0', '5', '1-5', '01|02|03|04|05', 0, NULL, '0000-00-00 00:00:00', '0000-00-00 00:00:00', NULL),
(6, 'Black Waters', 'The Pathfinder Society seeks the ancient ruby ring of the salamander and it falls to a team of Pathfinders to find it. Last seen in the Tri-Towers Yard, a once elite academy for the youth of Absalom, the ruby ring is now lost in the Drownyard, all that remains of Tri-Towers after it was destroyed a decade ago in the great quake. The Pathfinders must risk the strange black ichors and salty brine to find their prize—will they risk their very souls as well?', 'scenario', '0', '6', '1-5', '01|02|03|04|05', 0, NULL, '0000-00-00 00:00:00', '0000-00-00 00:00:00', NULL),
(7, 'Among the Living', 'Famed Pathfinder Bodriggan Wuthers disappeared from his dig site beneath the House of the Immortal Son in Taldor''s gilded capital of Oppara. Once a grand temple to Aroden, the Immortal Son is now Oppara''s most opulent theater. Sent to locate Wuthers, the Pathfinders must attend an opera with members of the Oppara elite in order to gain access to the secretive theater''s dig site. When a cult crashes the performance and the nobility change into hideous walking dead, the Pathfinders are forced to choose between finding Wuthers or saving themselves.', 'scenario', '0', '7', '1-7', '01|02|03|04|05|06|07', 0, NULL, '0000-00-00 00:00:00', '0000-00-00 00:00:00', NULL),
(8, 'Slave Pits of Absalom', 'Someone kidnapped Lady Anilah Salhar—the Chelish wife of Dremdhet Salhar, one of Osirion''s many Grand Ambassadors to Absalom—and sold her into slavery. With Salhar holding delve permits over the heads of the Decemvirute, the Pathfinders are sent to assist the Osirian Ambassador. Venturing into Absalom''s darkest corners to save Lady Anilah, the Pathfinders must face the secrets of the Slave Pits to avoid becoming slaves themselves.', 'scenario', '0', '8', '1-5', '01|02|03|04|05', 0, NULL, '0000-00-00 00:00:00', '0000-00-00 00:00:00', NULL),
(9, 'Eye of the Crocodile King', 'Arcanamirium transmuter Maren Fuln found a magically sealed amulet in the school''s library and kept it as a shiny bauble. Little did he know the amulet contained an entity far worse than he imagined, and by unsealing it, he loosed a revenge-obsessed horror into the sewers beneath the school. Can the Pathfinder Society halt the beast’s plan in time, or will he build his army of revenge and sow chaos in Absalom?', 'scenario', '0', '9', '1-5', '01|02|03|04|05', 0, '2010-05-24 00:00:00', '0000-00-00 00:00:00', '0000-00-00 00:00:00', NULL),
(10, 'Blood at Dralkard Manor', 'Venture-Captain Juberto Savarre plans to retire soon, and he’s set his sights on spooky Dralkard Manor in southern Andoran. With the locals swapping tales of hauntings and missing persons, Savarre sends Pathfinders in to uncover the truth. Are the stories just tall tales or will the Pathfinders find themselves drenched in blood at Dralkard Manor?', 'scenario', '0', '10', '1-7', '01|02|03|04|05|06|07', 0, '2010-03-29 00:00:00', '0000-00-00 00:00:00', '0000-00-00 00:00:00', NULL),
(11, 'The Third Riddle', 'When Pathfinder Colm Safan entered the Nethys-linked heart of the fabled dungeon known as the Ravenous Sphinx, the Pathfinder Society expected to solve one of Osirion''s greatest riddles. Months passed with no word from Safan, and you and your fellow Pathfinders find yourselves dispatched into the desolate wastes of Osirion''s notorious Parched Dunes to find the sphinx, find Safan, and uncover the mystery he sought. With a band of cloaked riders on your trail and a trap-filled dungeon ahead, will you solve the third riddle before time runs out?', 'scenario', '0', '11', '1-5', '01|02|03|04|05', 0, '2010-11-15 00:00:00', '0000-00-00 00:00:00', '0000-00-00 00:00:00', NULL),
(12, 'Stay of Execution', 'When a petty thief named Hadge gets a lucky break and makes off with a powerful divination focus of the Pathfinder Society''s masked leadership, you and your fellow Pathfinders set out to the sparsely populated Taldor frontier to find him and recover the focus. When the local governor tosses Hadge into the brutal Porthmos Prison for a minor crime, your mission suddenly becomes a jail break. Will you free Hadge and uncover the location of the focus before the gangs of Porthmos tear him apart?', 'scenario', '0', '12', '1-7', '01|02|03|04|05|06|07', 0, '2010-11-15 00:00:00', '0000-00-00 00:00:00', '0000-00-00 00:00:00', NULL),
(13, 'The Prince of Augustana', 'When an old beggar shows up filthy and injured on the doorstep of the Augustana Pathfinder Lodge in Andoran and demands to be recognized as Andoran''s one true Emperor, Venture-Captain Wallace is inclined to chase him off. But when the old beggar reveals a wayfinder and tells a tale of demons and portals to another world beneath the streets of Augustana, Wallace summons you from Absalom to investigate. Will you make it through sewers, swarms, and sanctuaries to uncover the truth or will the dangers of the Augustana underworld consume you forever?', 'scenario', '0', '13', '1-5', '01|02|03|04|05', 0, NULL, '0000-00-00 00:00:00', '0000-00-00 00:00:00', NULL),
(14, 'The Many Fortunes of Grandmaster Torch', 'When four statues of unspeakable power were found in a tomb in Osirion and then stolen, the Pathfinder Society assumed they were gone forever. When they appeared again in the illicit inventory of a Qadiran smuggler in the massive trade city of Sedeq, the Society wasted little time dispatching you there to recover them. Finding the smuggler dead and a familiar face from Absalom responsible, your task quickly becomes a race to retrieve the statues before their brutal power can be unleashed on the citizens of the Satrap. Can you find the statues in time or will Sedeq be swallowed in a plague like none Golarion has ever seen?', 'scenario', '0', '14', '1-7', '01|02|03|04|05|06|07', 0, NULL, '0000-00-00 00:00:00', '0000-00-00 00:00:00', NULL),
(15, 'The Asmodeus Mirage', 'Appearing only once a century in the western deserts of Katapesh, the Asmodeus Mirage has plagued Golarion for thousands of years. Powered by a crystal bone devil skeleton and legendary for trapping unwary travelers, the Society has a vested interest in studying and cataloging the source of its power. You have been sent deep into the deserts of northern Garund to enter the Mirage—but there''s a catch! The Mirage only exists on Golarion for 24 hours every 100 years. Get trapped in the Mirage, and you may never see Golarion again.', 'scenario', '0', '15', '1-7', '01|02|03|04|05|06|07', 0, '2010-03-29 00:00:00', '0000-00-00 00:00:00', '0000-00-00 00:00:00', NULL),
(16, 'To Scale the Dragon', 'The last remains of a sage from an age long past rests high atop the snow-covered tips of the Fog Peaks in Southern Galt and the Society wants his bones in order to study them and learn from them. They''ve sent you into a wintry wilderness of primordial beastmen and snow creatures not seen below the snow line to do just that. With the Aspis Consortium also seeking the bones, the race is on to beat them to the top and, once the bones are recovered, to make it back down alive.', 'scenario', '0', '16', '5-9', '05|06|07|08|09', 0, NULL, '0000-00-00 00:00:00', '0000-00-00 00:00:00', NULL),
(17, 'Perils of the Pirate Pact', 'When the Black Marquis lost all of the men he could trust on a failed treasure hunt, he did the only thing he could: turned to the Pathfinder Society for help. Offering an ancient lost text in return for assistance, the Black Marquis of Deadbridge sends you deep into the spider-haunted Echo Wood of the River Kingdoms to track down his missing pirates and recover an ancient treasure for the Society. You''ll face brigands, pirates, spiders and more—but will you survive the perils of the Pirate Pact?', 'scenario', '0', '17', '1-7', '01|02|03|04|05|06|07', 0, NULL, '0000-00-00 00:00:00', '0000-00-00 00:00:00', NULL),
(18, 'The Trouble with Secrets', 'Decades ago, an Osiriani Pathfinder named Bossell locked his transformed lover in the vaults beneath the Sothis Pathfinder Lodge. He then vowed that no one would ever discover his secret shame. The old and senile Bossell now relies on his assistant Fendel for everything, and the hapless assistant has disapeared into the vaults after reading his master''s journal. You''ve been sent beneath the Lodge to destroy whatever it is that Bossell''s lover has become—will you survive his secret or find yourself transformed as well?', 'scenario', '0', '18', '5-9', '05|06|07|08|09', 0, '2010-05-24 00:00:00', '0000-00-00 00:00:00', '0000-00-00 00:00:00', NULL),
(19, 'Skeleton Moon', 'When Pathfinder alchemist Andrax d''Aponte contracted a mysterious wasting sickness, he set his mind to feverishly researching the disease and its cures. With the rare skeleton moon hanging in the sky above Absalom, the Decemvirate sends you to an ancient siege castle outside the city to recover d''Aponte''s research notes and inquire about his involvement in recent Pathfinder deaths in Osirion. What you find, however, is a man changed by madness and paralyzed by paranoia and fear. Will you survive the night of the skeleton moon?', 'scenario', '0', '19', '1-7', '01|02|03|04|05|06|07', 0, '2010-11-15 00:00:00', '0000-00-00 00:00:00', '0000-00-00 00:00:00', NULL),
(20, 'King Xeros of Old Azlant', 'Panic grips Absalom when a huge crystalline sailing vessel appears suddenly in the harbor. Identified as the King Xeros of Old Azlant, the ship presents a great opportunity for the Pathfinder Society. You and your fellow adventurers are summoned by Venture-Captain Adril Hestram and dropped aboard the King Xeros to explore it and report back. Only, what you find isn''t an empty vessel, but a sinister ship with a vile intent.', 'scenario', '0', '20', '7-11', '07|08|09|10|11', 0, NULL, '0000-00-00 00:00:00', '0000-00-00 00:00:00', NULL),
(21, 'The Eternal Obelisk', 'When the Pathfinder-obsessed daughter of one Qadira''s most powerful trade princes goes missing trying to impress the Society, her father angrily demands the Pathfinders track her down or face expulsion from Katheer. Tracking the missing princess leads you to an underground complex filled with traps, tricks, and a creature so powerful, she''s lived for a thousand years. Can you save the princess and uncover the power of the Eternal Obelisk?', 'scenario', '0', '21', '5-9', '05|06|07|08|09', 0, '2010-05-24 00:00:00', '0000-00-00 00:00:00', '0000-00-00 00:00:00', NULL),
(22, 'Fingerprints of the Fiend', 'When a retired Pathfinder''s nephew goes missing after allegedly discovered the fabled city of Rachikan of the ancient Jistka Imperium, he turns to the Society for help. Now you''ve been sent to the coast of devil-tainted Cheliax to uncover the missing nephew''s whereabouts and to, quite possibly, uncover one of the most sought-after legendary cities on Golarion. But you have to move quick! The Aspis Consortium is rumored to be racing to the site ahead of you and their involvement could spell disaster for the Pathfinder Society.', 'scenario', '0', '22', '7-11', '07|08|09|10|11', 0, NULL, '0000-00-00 00:00:00', '0000-00-00 00:00:00', NULL),
(23, 'Tide of Morning', 'Venture-Captain Dennel Hamshanks sends you to convince an Andoren druid named Hemzel to allow the Pathfinder Society to study his recently discovered lorestone, a minor magical item that unlocks some of the mysteries of the ancient Andoren druid circles. When you arrive and find Hemzel murdered and the lorestone missing, you must race against time to recover the lorestone and stop Hemzel''s murderers from using it against the druids of Andoran.', 'scenario', '0', '23', '1-5', '01|02|03|04|05', 0, NULL, '0000-00-00 00:00:00', '0000-00-00 00:00:00', NULL),
(24, 'Decline of Glory', 'When the son of a famous Pathfinder gains control of his father''s holdings in Taldor, the Pathfinder Society decides to build a new lodge there as a base to explore the many ruins of that crumbling empire. Unfortunately, the Taldan Phalanx has its eye on the holdings and an ancient curse has turned many of the residents into the walking dead. Can you survive the tangled web of Taldor''s politics and fight off the echoes of the past or will you, too, see your glory decline?', 'scenario', '0', '24', '1-7', '01|02|03|04|05|06|07', 0, NULL, '0000-00-00 00:00:00', '0000-00-00 00:00:00', NULL),
(25, 'Hands of the Muted God', 'When the man who would be the Muted God wordlessly stepped beyond the gates of the Starstone''s Cathedral, his thousand and one faithful ringing the Ascendant Court watched with the silent contemplation that is their highest sacrament. When he failed to emerge, many of his penitents abandoned their vows but a small sect remained loyal and worshipful. You and your fellow Pathfinders are sent into the mountains north of Absalom to follow the path of a doomed party and uncover the secrets of the Muted God. His loyal band of followers, called the Hand, will stop at nothing to keep you away from their shrine—even forming an alliance with some of Golarion''s most evil denizens.', 'scenario', '0', '25', '5-9', '05|06|07|08|09', 0, '2010-11-15 00:00:00', '0000-00-00 00:00:00', '0000-00-00 00:00:00', NULL),
(26, 'Lost at Bitter End', 'When a Pathfinder Society Priest of Nethys disappears in northern Geb while studying the Mana Wastes, the Society sends you to uncover her whereabouts and find her journals. Arriving in the town of Bitter End, you find it deserted but for a few mysterious creatures never before seen on Golarion. Those creatures quickly lead to more and soon you''re embroiled in a mystery that could effect the very fabric of reality. Will you solve the mystery of Bitter End or find yourself lost forever in the Mana Wastes?', 'scenario', '0', '26', '7-11', '07|08|09|10|11', 0, NULL, '0000-00-00 00:00:00', '0000-00-00 00:00:00', NULL),
(27, 'Our Lady of Silver', 'You and your fellow Pathfinders are sent to Katheer, the shining capital of Qadira, to witness the wedding of Pathfinder Faireven to the wealthy and beautiful Lady of Silver and bring back a trove of relics given to the Society as part of the wedding dowry. When the wedding is disrupted by unscrupulous thieves, you soon find yourself dodging double-crosses, accusations of grave robbery, and worse. You must find the relics soon, or risk facing the eternal expulsion of the Society from the treasure-filled deserts of Qadira.', 'scenario', '0', '27', '5-9', '05|06|07|08|09', 0, NULL, '0000-00-00 00:00:00', '0000-00-00 00:00:00', NULL),
(28, 'Lyrics of Extinction', 'The fabled ruined city of Dokeran, deep inside the heart of the Mwangi Expanse, has been found and it''s your job as a Pathfinder to explore it and discover how it fell. After fighting through fiends, enslaved warriors, and the damned spirits of Dokeran''s dead, you find that the ruined city has a dark secret—one you might not survive. ', 'scenario', '0', '28', '7-11', '07|08|09|10|11', 0, NULL, '0000-00-00 00:00:00', '0000-00-00 00:00:00', NULL),
(29, 'The Devil We Know, Part I: Shipyard Rats', 'When simultaneous kidnappings of Pathfinder and Aspis Consortium agents rock Cassomir''s Imperial Naval Shipyards, the Society orders you to join forces with hated Aspis agents to solve the mystery. Can you work together with the enemies of the Society to uncover the source of the kidnappings, or will you perish in the shipyards of Cassomir?', 'scenario', '1', '29', '1-7', '01|02|03|04|05|06|07', 0, NULL, '0000-00-00 00:00:00', '0000-00-00 00:00:00', NULL),
(30, 'The Devil We Know, Part II: Cassomir''s Locker', 'The Pathfinder Society dispatches you to the catacombs called Cassomir''s Locker to find the source of a rat cult breeding monstrous vermin. After clearing Cassomir''s dank sewers and delving into the dirty dungeons below, will you find the artifact that powers Cassomir''s Locker or bring about the destruction of Taldor''s most important port?', 'scenario', '1', '30', '1-7', '01|02|03|04|05|06|07', 0, NULL, '0000-00-00 00:00:00', '0000-00-00 00:00:00', NULL),
(31, 'Sniper in the Deep', 'When rumors stir of a hidden treasure ship in Absalom''s Flotsam Graveyard, the Pathfinder Society sends you beneath the Inner Sea to investigate. Mayhem, undersea adventure, and chaos are to be had in this rousing rampage beneath the roiling waters of Absalom''s harbor.', 'scenario', '1', '31', '5-9', '05|06|07|08|09', 0, NULL, '0000-00-00 00:00:00', '0000-00-00 00:00:00', NULL),
(32, 'Drow of the Darklands Pyramid', 'A rogue band of drow plague the shipping lanes of Osirion and the Pathfinder Society sends you to stop them. When the drow capture a caravan laden with Society relics, you delve into the Darklands to track down the stolen cargo and explore the mysterious Stalactite Pyramid.', 'scenario', '1', '32', '7-11', '07|08|09|10|11', 0, NULL, '0000-00-00 00:00:00', '0000-00-00 00:00:00', NULL),
(33, 'Assault on the Kingdom of the Impossible', 'The Pathfinder Society sends you to the fabled Kingdom of the Impossible, the island of Jalmeray, to stop an Aspis Consortium black market relics dealer who is organizing the local bandits and violently robbing Jalmeray and Pathfinder Society caravans laden with relics, artifacts, and magical mysteries. When a venture-captain is murdered by the Aspis Consortium agent, it''s up to the PCs to find him and do whatever it takes to stop him.', 'scenario', '1', '33', '1-5', '01|02|03|04|05', 0, NULL, '0000-00-00 00:00:00', '0000-00-00 00:00:00', NULL),
(34, 'Encounter at the Drowning Stones', 'Rumored to be the most desecrated site in the Mwangi Expanse, the natives have long feared its malevolent presence. Rumors of suicide, infanticide, murder, and chaos have always been mentioned in the same breath with these mysterious rock formations. The Society sends you there after the location is discovered by a demonologist working for the Aspis Consortium. The Society fears the Aspis have discovered the source of the Drowning Stones'' power and its up to you to insure that they don''t get their hands on it.', 'scenario', '1', '34', '7-11', '07|08|09|10|11', 0, NULL, '0000-00-00 00:00:00', '0000-00-00 00:00:00', NULL),
(35, 'Voice in the Void', 'Mystery strikes again at the problem-plagued Blackros Museum in Absalom and its curator, Nigel Aldain, needs your help. When a famed Osirian tomb raider returns to Absalom and disappears in the museum''s basement, Aldain fears the worst. When strange sounds echo from below and several of the curator''s night watchmen go missing, he panics and begs the Society to investigate the mystery and save his museum from the darkness that infests it.', 'scenario', '1', '35', '1-7', '01|02|03|04|05|06|07', 0, NULL, '0000-00-00 00:00:00', '0000-00-00 00:00:00', NULL),
(36, 'Echoes of the Everwar, Part I: The Prisoner of Skull Hill', 'A Chelish outpost deep inside the anarchic orc-controlled Hold of Belkzen has gone silent after strange fires were seen burning in the skies above. You have been sent north to investigate the disappearance and find a lost tomb long rumored to exist beneath the outpost''s timber tower. When you arrive and find the place choked with monsters and hideous plant creatures from beyond the stars, your mission of exploration quickly turns to one of survival.', 'scenario', '1', '36', '7-11', '07|08|09|10|11', 0, NULL, '0000-00-00 00:00:00', '0000-00-00 00:00:00', NULL),
(37, 'The Beggar''s Pearl', 'When a thief arrives at the Pathfinder Lodge in Almas bearing stolen artifacts and writings pointing the way to a lost dwarven gallery, you are sent into the rugged Aspodell Mountains to find the famed dwarven explorer last known to be searching for the gallery as well as the gallery itself. Once there you find a tangled web of darklands creatures in the thrall of a charismatic cult leader with ties to the darkest shadows of the First Realm.', 'scenario', '1', '37', '1-7', '01|02|03|04|05|06|07', 0, NULL, '0000-00-00 00:00:00', '0000-00-00 00:00:00', NULL),
(38, 'No Plunder, No Pay', 'The famed Chelish pirate, Captain Caradoc Alazario, infamous nephew of the mayor of Egorian and the brazen enemy of Her Majestrix''s Navy, has finally been caught. Unfortunately for you, he was caught after stealing a fiendish artifact of twisted origins bound for the Grand Lodge in Absalom and is the only one who knows where that artifact came to rest off the coast of the forever rain-drenched Sodden Lands. You are charged by the Pathfinder Society to break Captain Alazario out of prison and use him to guide you to the lost artifact. Prison, pirates, and horrors of the deep await you in a land where an honest day''s wage never comes honestly.', 'scenario', '1', '38', '7-11', '07|08|09|10|11', 0, NULL, '0000-00-00 00:00:00', '0000-00-00 00:00:00', NULL),
(39, 'The Citadel of Flame', 'Once the home to a cult preaching self-sacrifice by immolation in order to achieve paradise, the Citadel of Flame in Qadira''s Meraz Desert was presumably wiped out decades ago after Sarenrae dervishes led a crusade to end its morbid message. An enormous sandstorm swallowed both the citadel and the army attacking it, burying both beneath hundreds of feet of sand. Thought lost forever, the citadel''s rediscovery prompts the Pathfinder Society to send you deep in the unforgiving Meraz to finally close the book on Qadira''s most mysterious cult.', 'scenario', '1', '39', '1-5', '01|02|03|04|05', 0, NULL, '0000-00-00 00:00:00', '0000-00-00 00:00:00', NULL),
(40, 'Hall of Drunken Heroes', 'Something is afoot at Cayden''s Hall, the carousing temple-pub in Absalom where Cayden Cailean''s faithful pay homage to their Drunken Hero. Pathfinder agent Osprey and his demonologist companion send you to investigate the truth behind a long-rumored demonic lab said to exist beneath the temple-pub''s sticky floors. A trail of murders led Osprey to Cayden''s Hall and his demonologist sees clues that denizens of the Abyss are involved. It''s up to you to find out what demons want with the Drunken Hero''s largest temple. Bar fights, revelry, song, and drink await within the Hall of Drunken Heroes.', 'scenario', '1', '40', '7-11', '07|08|09|10|11', 0, NULL, '0000-00-00 00:00:00', '0000-00-00 00:00:00', NULL),
(41, 'The Devil We Know, Part III: Crypt of Fools', 'Another kidnapping spree erupts in Cassomir and the Pathfinder Society sends you to the notorious Swift Prison to interrogate a captured cultist about the recent disappearances. With clues gathered there, you must explore Old Cassomir and find secret locations that lead you to the source of the spree: the long lost Crypt of Fools.', 'scenario', '1', '41', '1-7', '01|02|03|04|05|06|07', 0, NULL, '0000-00-00 00:00:00', '0000-00-00 00:00:00', NULL),
(42, 'Echoes of the Everwar, Part II: The Watcher of Ages', 'Hundreds of years ago a once mighty fortress in Cheliax sank into the earth and was forever destroyed. You are sent there to catalog the ruins, known as the Collapsed Halls, and to find the rumored hidden tomb of an Osiriani concubine. After clearing the ruins of hideous beasts, you explore deeper into the ruins than anyone before you and uncover a malevolent intelligence that has watched Golarion for more than 5,000 years. Worse, he knows you''re coming.', 'scenario', '1', '42', '7-11', '07|08|09|10|11', 0, NULL, '0000-00-00 00:00:00', '0000-00-00 00:00:00', NULL),
(43, 'The Pallid Plague', 'Reports from Andoran''s Darkmoon Vale indicate that a new plague is causing the deaths of untold fey. The Pathfinder Society sends you there to aid the nymph queen in stopping the plague and finding and destroying its source. When the plague spreads to the human population of Falcon''s Hollow, the need to find a cure grows more frantic. Can you save the many denizens of Darkmoon Vale from certain death?', 'scenario', '1', '43', '1-7', '01|02|03|04|05|06|07', 0, NULL, '0000-00-00 00:00:00', '0000-00-00 00:00:00', NULL),
(44, 'Echoes of the Everwar, Part III: Terror at Whistledown', 'The citizens of the gnome enclave of Whistledown in distant Varisia are being kidnapped by malevolent creatures that stalk the night. You are sent there by the Pathfinder Society to see if this sudden surge of vile activity is linked to the rumors of a hidden tomb near Whistledown that holds the body of a famed Osirion concubine. Can you save the town of Whistledown from certain doom and find the lost tomb of the ancient concubine?', 'scenario', '1', '44', '7-11', '07|08|09|10|11', 0, NULL, '0000-00-00 00:00:00', '0000-00-00 00:00:00', NULL),
(45, 'Delirium''s Tangle', 'The Pathfinder Society owes Grandmaster Torch a favor and he''s calling it in. It seems he misplaced Nuar Spiritskin, the famous minotaur prince of Absalom, and Torch needs you to find the prince before the city discovers that the minotaur is missing. He sends you deep beneath Absalom into a maddening maze of malign shapes, hideous creatures, and secrets that haven''t seen the light of day for more than a thousand years.', 'scenario', '1', '45', '1-5', '01|02|03|04|05', 0, NULL, '0000-00-00 00:00:00', '0000-00-00 00:00:00', NULL),
(46, 'Eyes of the Ten, Part I: Requiem for the Red Raven', 'You and your fellow veteran Pathfinders are sent, along with Venture-Captain Adril Hestram, to revolution-torn Galt to deliver the famous sword, the Pale Maiden, to the newly re-opened Woodsedge Lodge. All is not as it seems, however, when the lodge is attacked during a ceremony and a famous Pathfinder is murdered. The Lady of the Lodge, Venture-Captain Eliza Petulengro, puts you on the mission to solving the murder and catching those responsible.', 'scenario', '1', '46', '12', '12', 0, NULL, '0000-00-00 00:00:00', '0000-00-00 00:00:00', NULL),
(47, 'The Darkest Vengeance', 'When a newly opened Ustalav Pathfinder Lodge goes silent, it''s up to you to investigate and report back to the Society as to the source of the disappearance. The mystery deepens when you arrive and find the house silent but infiltrated by an old threat now in control of one of Ustalav''s most powerful artifacts.', 'scenario', '1', '47', '1-5', '01|02|03|04|05', 0, NULL, '0000-00-00 00:00:00', '0000-00-00 00:00:00', NULL),
(48, 'The Devil We Know, Part IV: Rules of the Swift', 'In the conclusion of the Devil We Know campaign arc, you are called once more to Cassomir, where a mass abduction of the residents of Swift Prison has the entire town in a panic. Venture-Captain Hestia Themis once more partners you with an Aspis agent to see what link the Swift Prison event has to the earlier kidnapping of a Pathfinder agent. You will explore an empty prison, delve the tunnels below, and come face-to-face with the source of Cassomir''s troubles in a vile grotto deep beneath the city.', 'scenario', '1', '48', '1-7', '01|02|03|04|05|06|07', 0, NULL, '0000-00-00 00:00:00', '0000-00-00 00:00:00', NULL),
(49, 'Among the Dead', 'Several years ago, a Taldan Zyphus cult took over a famous Oppara opera house, murdered a Pathfinder, and turned dozens of Taldor''s wealthiest citizens into the walking dead. The Pathfinder Society has finally tracked down their hideout and sends you to Oppara for one purpose: revenge. Can you face the servants of Golarion''s god of accidents unharmed or will you find yourself among Zyphus''s cursed souls?', 'scenario', '1', '49', '1-7', '01|02|03|04|05|06|07', 0, NULL, '0000-00-00 00:00:00', '0000-00-00 00:00:00', NULL),
(50, 'Fortune''s Blight', 'You''re sent to the wild River Kingdoms to find and kill a green hag who holds the last fragment of a powerful ancient sword called Passion''s Edge, sundered into three pieces a decade ago. Things aren''t as simple as they seem: the last creature to control the fabled sword wants it back at any cost, ghosts of the sword''s past seek revenge for wrongs committed by former wielders of Passion''s Edge, and the Pathfinder Society wants the sword whole again before being returned to Absalom. Madness, murder, and mayhem await you in the River Kingdoms!', 'scenario', '1', '50', '5-9', '05|06|07|08|09', 0, NULL, '0000-00-00 00:00:00', '0000-00-00 00:00:00', NULL),
(51, 'The City of Strangers, Part I: The Shadow Gambit', 'The Pathfinder Society sends you to Kaer Maga, the City of Strangers, where you are ordered to find a local Pathfinder associate who sent a strange letter to Venture-Captain Drandle Dreng in Absalom. When the local associate turns up dead and you find evidence linking his death to a mysterious organization called The Shadow Lodge, it''s up to you to track them down and solve the man''s murder.', 'scenario', '1', '51', '1-7', '01|02|03|04|05|06|07', 0, NULL, '0000-00-00 00:00:00', '0000-00-00 00:00:00', NULL),
(52, 'The City of Strangers, Part II: The Twofold Demise', 'A powerful local gang in Kaer Maga demands that you end the threat of the Shadow Lodge at once as the Lodge''s very existence upsets the delicate local balance of power. Refusal means both the expulsion of the Pathfinder Society from Kaer Maga forever and your untimely deaths. The choice is yours.', 'scenario', '1', '52', '1-7', '01|02|03|04|05|06|07', 0, NULL, '0000-00-00 00:00:00', '0000-00-00 00:00:00', NULL),
(53, 'Echoes of the Everwar, Part IV: The Faithless Dead', 'The famous concubines of Sothis, recently returned to Osirion by the Pathfinder Society, are stolen from the Pathfinder Lodge in that nation''s capital and it''s up to you to find them and return them before their combined power can be used to awaken an ancient evil.', 'scenario', '1', '53', '7-11', '07|08|09|10|11', 0, NULL, '0000-00-00 00:00:00', '0000-00-00 00:00:00', NULL),
(54, 'Eyes of the Ten, Part II: The Maze of the Open Road', 'The mysteries of the Woodsedge Lodge continue as you and your fellow Pathfinders are sent to devil-tainted Cheliax and the steamy jungles of the Mwangi Expanse to find two missing venture-captains.', 'scenario', '1', '54', '12', '12', 0, NULL, '0000-00-00 00:00:00', '0000-00-00 00:00:00', NULL),
(55, 'The Infernal Vault', 'A decade ago, the Decklands family, a house of Chelish nobles, were exiled from Absalom for treason. Their fate made for an interesting story and when a Pathfinder agent in Cheliax studying the family''s long history and exile from the City at the Center of the World ends up murdered, the Society sends you to the recently discovered Deckland Vaults in Absalom to see what connection their old home might have to your murdered colleague.', 'scenario', '1', '55', '1-7', '01|02|03|04|05|06|07', 0, NULL, '0000-00-00 00:00:00', '0000-00-00 00:00:00', NULL),
(56, 'The Jester''s Fraud', 'Life in Taldor is fraught with peril, especially for the crumbling noble houses of the Taldan countryside. One such house, the Bourtze Family, has fallen on hard times and they''ve informed the Pathfinder Society that, in exchange for a small sum of money, they''d be willing to part with a treasure trove of lore about Qadira''s Grand Campaign, the 300-year invasion of Taldor. On your arrival, things quickly turn for the worse and instead of evaluating the worth of a few scraps of historical paper, you must instead retrieve one of the most dangerous artifacts in the empire.', 'scenario', '1', '56', '5-9', '05|06|07|08|09', 0, NULL, '0000-00-00 00:00:00', '0000-00-00 00:00:00', NULL),
(57, 'Before the Dawn, Part I: The Bloodcove Disguise', 'You are sent to Aspis Consortium-infested Bloodcove to gather supplies for a nearly doomed Pathfinder mission nearby. Disguised as ordinary merchants, you have little time to gather what you need and get out before the Consortium discovers and destroys you.', 'scenario', '2', '1', '1-7', '01|02|03|04|05|06|07', 0, NULL, '0000-00-00 00:00:00', '0000-00-00 00:00:00', NULL),
(58, 'Before the Dawn, Part II: Rescue at Azlant Ridge', 'With supplies in hand, you rush from Bloodcove to the Pathfinder expedition site at Azlant Ridge only to find it under siege. You must brave the newly discovered halls beneath the ridge in order to find the key that might save everyone.', 'scenario', '2', '2', '1-7', '01|02|03|04|05|06|07', 0, NULL, '0000-00-00 00:00:00', '0000-00-00 00:00:00', NULL),
(59, 'The Rebel''s Ransom', 'The Ruby Prince of Osirion sends you to the Parched Dunes to find what became of a secret Pathfinder expedition sent there to recover artifacts for the Ruby Prince himself. What you find there may very well end the Pathfinder Society as you know it.', 'scenario', '2', '3', '5-9', '05|06|07|08|09', 0, NULL, '0000-00-00 00:00:00', '0000-00-00 00:00:00', NULL),
(60, 'Shadows Fall on Absalom', 'One of the Pathfinder Society''s most beloved venture-captains, Drandle Dreng, is nearly killed in a failed assassination attempt on the grounds of the Grand Lodge itself. Your mission to catch the assassin is complicated when you learn he is the son of an influential Pathfinder. Can you catch the assassin before his blade strikes again while avoiding the outrage of your peers?', 'scenario', '2', '4', '7-11', '07|08|09|10|11', 0, NULL, '0000-00-00 00:00:00', '0000-00-00 00:00:00', NULL),
(61, 'Eyes of the Ten, Part III: Red Revolution', 'You and your fellow Pathfinders are hot on the trail of the traitor to the Pathfinder Society as Venture-Captain Eliza Petulengro once again sends you into the Maze of the Open Road to track the traitors'' co-conspirators. Stepping through a portal, you find yourself on the cold, red desert planet Akiton, fourth planet from the sun and Golarion''s outward neighbor. You arrive in the midst of revolution, however, and are quickly embroiled in the politics of a new world. Can you survive the frigid, violent revolution of the alien Akiton and put an end to the Society''s traitor once and for all?', 'scenario', '2', '5', '12', '12', 0, NULL, '0000-00-00 00:00:00', '0000-00-00 00:00:00', NULL),
(62, 'The Heresy of Man, Part I: The First Heresy', 'For more than 2 millennia, the nation of Rahadoum has lived under the Laws of Man that decreed "let no man be beholden to a god." While this has led to relative peace without religious strife, it has left the nation devoid of divine healing and magical methods to provide succor to those ravaged by disease or injury. When a new and mysterious plague begins ravaging the coastal villages of Rahadoum, you are sent by the Pathfinder Society to escort a cleric of Sarenrae into the heart of the plague in order to protect a secret Pathfinder research project. Getting there means smuggling the cleric in as contraband and when the Pure Legion, Rahadoum''s defense against religion, get wind of your arrival, you must fight not only to protect the cleric, but to keep yourselves from being executed for violating the First Heresy.', 'scenario', '2', '6', '5-9', '05|06|07|08|09', 0, NULL, '0000-00-00 00:00:00', '0000-00-00 00:00:00', NULL),
(63, 'The Heresy of Man, Part II: Where Dark Things Sleep', 'When a Pathfinder team in the godless nation of Rahadoum disappears, the Pathfinder Society sends the PCs to investigate. Deep beneath the sands of the small village of Wadi al-Hesr, a long imprisoned evil—responsible in part for the destruction of an ancient empire—now stirs and threatens the entire region with a deadly plague. Can the Pathfinders survive a sinister game of cat-and-mouse and escape with their lives?', 'scenario', '2', '7', '5-9', '05|06|07|08|09', 0, NULL, '0000-00-00 00:00:00', '0000-00-00 00:00:00', NULL),
(64, 'The Sarkorian Prophecy', 'When a novice Pathfinder in the Grand Lodge of Absalom discovers an account of a long lost prophecy which may hold the key to defeating the Shadow Lodge, a team of brave agents heads into the heart of the Worldwound to recover the document. Not only do the forces of the Abyss and the demon-tainted environment stand in their way, but so does a rival team of Pathfinders set on recovering the Sarkorian Prophecy first.', 'scenario', '2', '8', '7-11', '07|08|09|10|11', 0, NULL, '0000-00-00 00:00:00', '0000-00-00 00:00:00', NULL),
(65, 'The Heresy of Man, Part III: Beneath Forgotten Sands', 'Beneath the desolate deserts of godless Rahadoum, the Pathfinder Society races against time to beat the traitorous Shadow Lodge to an ancient Jistkan citadel. But their rivals aren''t the only obstacle in the PCs'' way: the long-lost ruins teem with terrible outsiders set on manipulation and destruction, including a self-proclaimed avatar of the div god Ahriman. Beneath Forgotten Sands brings the three-part Heresy of Man series to a stunning conclusion.', 'scenario', '2', '9', '5-9', '05|06|07|08|09', 0, NULL, '0000-00-00 00:00:00', '0000-00-00 00:00:00', NULL),
(66, 'Fury of the Fiend', 'The Pathfinder Society once again sends a team of agents into the deadly ruins of Rachikan in western Cheliax. This time, however, the Pathfinders must infiltrate a Hellknight encampment to gain access to the lost city''s lower levels. Can they work their way past the suspicious soldiers and survive the ancient terrors that lurk below? Fury of the Fiend is the spiritual sequel of Fingerprints of the Fiend, though the scenarios can be played in any order.', 'scenario', '2', '10', '7-11', '07|08|09|10|11', 0, NULL, '0000-00-00 00:00:00', '0000-00-00 00:00:00', NULL),
(67, 'The Penumbral Accords', 'The daughters of Absalom''s mysterious Blakros family have long been among the most pursued maidens in the Inner Sea. Now the family''s matriarch approaches the Pathfinder Society to help her break a centuries-old pact with the denizens of the Plane of Shadow to save her twin daughters from a life of servitude at the hands of the Onyx Alliance. Heading into the fan-favorite adventuring location of Blakros Museum, the PCs have only a short amount of time to break the Penumbral Accords and solidify the Pathfinder Society''s ties to the powerful Blakroses.', 'scenario', '2', '11', '1-5', '01|02|03|04|05', 0, NULL, '0000-00-00 00:00:00', '0000-00-00 00:00:00', NULL),
(68, 'Below the Silver Tarn', 'In the rural Menador Mountains of southern Nidal, the PCs find themselves in a fog-enshrouded mining town facing a terrible fate. Silver Tarn, on the banks of which the settlement of Stom''s Claim stands, has grown a mind of its own. Reaching out with strange abominations of the deep to siphon the souls of the stubborn populace, the lake hopes to release a powerful fiend bound centuries earlier by Arodenite clerics. If the PCs can''t stop the Silver Tarn Entity, Stom''s Claim and much of western Avistan may soon fall to a fate beyond comprehension.', 'scenario', '2', '12', '7-11', '07|08|09|10|11', 0, NULL, '0000-00-00 00:00:00', '0000-00-00 00:00:00', NULL),
(69, 'Murder on the Throaty Mermaid', 'While on a routine mission to escort a dignitary to the mysterious Mordant Spire aboard a disreputable smuggler''s ship, the PCs find themselves embroiled in a murder mystery that could jeopardize the Pathfinder Society''s relationship with the isolationist elves who call the citadel home. Can the cunning Pathfinders discover who among the ship''s crew of scum and villains is responsible for the crime in time to clear their own names? This murder mystery upon the open sea features a mechanic allowing for a different killer each time it''s run to ensure that no amount of word of mouth will spoil the investigation for any team of canny players.', 'scenario', '2', '13', '1-5', '01|02|03|04|05', 0, NULL, '0000-00-00 00:00:00', '0000-00-00 00:00:00', NULL),
(70, 'The Chasm of Screams', 'When the Decemvirate sends the PCs on a mission into the desolate Mindspin Mountains to retrieve a much-needed alchemical reagent from a hermitic ex-Pathfinder known as the Phitoness of Axioms, the players soon find themselves deep in the mythical howling caves commonly referred to as the Chasm of Screams. Can the brave adventurers survive the harsh environment and defeat the demented thralls of the powerful, icy master of the oft-avoided cavern? Or will their cries of pain join the chorus of tormented voices that already echoes from the Chasm of Screams?', 'scenario', '2', '14', '7-11', '07|08|09|10|11', 0, NULL, '0000-00-00 00:00:00', '0000-00-00 00:00:00', NULL),
(71, 'Shades of Ice, Part I: Written in Blood', 'When the Decemvirate sends the PCs to the Viking city of Trollheim in the frigid northern Lands of the Linnorm Kings to deliver a package to an allied scholar there, the Pathfinders soon find themselves unwelcome visitors. Forced to navigate the rugged, isolated city and interact with the standoffish natives, can they deliver their cargo to its target, or will they find themselves exiled from the city... or worse?', 'scenario', '2', '15', '1-5', '01|02|03|04|05', 0, NULL, '0000-00-00 00:00:00', '0000-00-00 00:00:00', NULL),
(72, 'The Flesh Collector', 'A priceless manuscript has gone missing from the Pathfinder lodge in Almas, and the Pathfinder Society has traced its current whereabouts to a remote monastery off the coast of southwestern Nex. Arriving at the Monastery of the Unremitting Tide, the PCs face the suspicious scholars who study there, and in the process risk enraging an ancient spirit and uncovering a long-lost secret that, more than possibly costing them the stolen manuscript, could cost them their very lives.', 'scenario', '2', '16', '7-11', '07|08|09|10|11', 0, NULL, '0000-00-00 00:00:00', '0000-00-00 00:00:00', NULL),
(73, 'Shades of Ice, Part II: Exiles of Winter', 'Following the trail of the insidious Shadow Lodge from Trollheim to the icebound city of Whitethrone in the witch-ruled nation of Irrisen, the PCs must locate the hidden lodge of their contact’s kidnapper. Can they get past the city’s defenses, infiltrate the Shadow Lodge headquarters and rescue the Pathfinder Society’s valuable ally, or will they—like so many before them—find their bones ground to make Baba Yaga’s bread?', 'scenario', '2', '17', '1-5', '01|02|03|04|05', 0, NULL, '0000-00-00 00:00:00', '0000-00-00 00:00:00', NULL),
(74, 'The Forbidden Furnace of Forgotten Koor', 'When a Qadiran Pathfinder known for her knowledge of genie-kind fails to report back to the Katheer Lodge, the PCs are sent into the long-abandoned ruins of Koor, a former forge city high in the Zho Mountains. In their effort to find the lost agent, the Pathfinders may find themselves facing a foe long locked in a secure vault by the city’s former occupants—guardians whose departure weakened their defenses, paving the way for a terrible escape.', 'scenario', '2', '18', '7-11', '07|08|09|10|11', 0, NULL, '0000-00-00 00:00:00', '0000-00-00 00:00:00', NULL),
(75, 'Shades of Ice, Part III: Keep of the Huscarl King', 'Information in the Shadow Lodge headquarters in Whitethrone leads you into the Realm of the Mammoth Lords in search of an abandoned tower of a lost Ulfen king. The powerful weapon rumored to be there could be disastrous if it falls into the hands of those who plot the Pathfinder Society’s destruction; who will find it first?', 'scenario', '2', '19', '1-5', '01|02|03|04|05', 0, NULL, '0000-00-00 00:00:00', '0000-00-00 00:00:00', NULL),
(76, 'Wrath of the Accursed', 'When Pathfinders in and around the Osirian capital of Sothis don’t respond to an emergency summons to the Sothis Lodge, you are sent to discover their whereabouts. What you discover are a series of horrific murders all tied to a long-forgotten curse from the Society’s past.', 'scenario', '2', '20', '7-11', '07|08|09|10|11', 0, NULL, '0000-00-00 00:00:00', '0000-00-00 00:00:00', NULL),
(77, 'The Dalsine Affair', 'Your mission takes you to the Taldan capital city of Oppara where the intricate web of political intrigue and ages-old religious conflicts threaten the Pathfinder Society’s presence in the land. When Baron Jacquo Dalsine’s cousin is implicated in a recent attack on Society allies, the situation becomes even tighter for the Pathfinders, and at the end of the day some members of the Dalsine family may not get out unscathed.', 'scenario', '2', '21', '1-7', '01|02|03|04|05|06|07', 0, NULL, '0000-00-00 00:00:00', '0000-00-00 00:00:00', NULL),
(78, 'Eyes of the Ten, Part IV: Nothing Ventured, Nothing Gained', 'In the secret upper levels of the Pathfinder Society’s headquarters, you must survive the deadly defenses laid in place by the masked Decemvirate and save one of their number from an assassin’s blade.', 'scenario', '2', '22', '12', '12', 0, NULL, '0000-00-00 00:00:00', '0000-00-00 00:00:00', NULL),
(79, 'Shadow''s Last Stand, Part I: At Shadow''s Door', 'The Shadow Lodge’s assault on the Pathfinder Society has come to a head in the Andoren city of Almas, where renegade Shadow Pathfinders have taken over the Grand Cathedral of Aroden, holding the Pathfinders and Venture-Captain stationed there hostage. You must gain entry into the overrun Pathfinder lodge and put an end to the open warfare within the Society.', 'scenario', '2', '23', '1-7', '01|02|03|04|05|06|07', 0, NULL, '0000-00-00 00:00:00', '0000-00-00 00:00:00', NULL),
(80, 'Shadow''s Last Stand, Part II: Web of Corruption', 'The mastermind behind the Shadow Lodge incursion on the Pathfinder Society has been revealed—a mysterious figure known only as The Spider. Your journey to discover the traitor’s whereabouts and identities will take you throughout the streets and underground of Almas, even to the floor of the People’s Council itself.', 'scenario', '2', '24', '1-7', '01|02|03|04|05|06|07', 0, NULL, '0000-00-00 00:00:00', '0000-00-00 00:00:00', NULL),
(81, 'You Only Die Twice', 'The Pathfinder Society sends you into the undead-ruled nation of Geb for an undercover mission, not disguised as undead, but temporarily transformed into a shambling, zombie version of yourself. Can you survive the ordeal to return to the land of the living, or will your final grave be among Geb’s bones?', 'scenario', '2', '25', '5-9', '05|06|07|08|09', 0, NULL, '0000-00-00 00:00:00', '0000-00-00 00:00:00', NULL),
(82, 'The Mantis''s Prey', 'The Red Mantis have a contract to assassinate Grandmaster Torch, and the famed Absalom information broker calls in a favor from the Society to prevent his untimely demise. You must locate the Red Mantis assassins sent to kill him and eliminate the threat before they strike.', 'scenario', '2', '26', '7-11', '07|08|09|10|11', 0, NULL, '0000-00-00 00:00:00', '0000-00-00 00:00:00', NULL),
(83, 'Special: Year of the Shadow Lodge', 'When a famous Pathfinder returns to the Grand Lodge in Absalom with a long sought after Azlanti artifact of power, the Society celebrates the achievement by throwing a massive party in Absalom''s arena. When the artifact is stolen during the party, it''s up to you and the other bands of Pathfinders present at the celebration to get it back before it can be used to destroy the Grand Lodge—or worse.', 'scenario', '2', 'S', '1-11', '01|02|03|04|05|06|07|08|09|10|11', 0, NULL, '0000-00-00 00:00:00', '0000-00-00 00:00:00', NULL);
INSERT INTO `scenarios` (`id`, `name`, `description`, `type`, `season`, `number`, `tier`, `levelrange`, `evergreen`, `archived`, `created_on`, `updated_on`, `deleted`) VALUES
(84, 'The Midnight Mauler', 'The Decemvirate sends members of the Pathfinder Society to the former crown jewel of Ustalav''s royal courts, the decaying city of Ardis. Tasked by the Society to look into the fate of Absalom''s former Master of Blades, Vonran Vilk, what they find will lead to exploration, diplomacy, murder, haunted pasts, and tragic love. Can the PCs stop the rampage of the Midnight Mauler before he kills again?', 'scenario', '2', 'EX', '1-7', '01|02|03|04|05|06|07', 0, '2012-02-29 00:00:00', '0000-00-00 00:00:00', '0000-00-00 00:00:00', NULL),
(85, 'The Frostfur Captives', 'Tasked with escorting a group of goblin prisoners from their camp to civilization for interrogation by the Pathfinder Society, you must protect them not only from the beasts and hazards of the wilderness, but themselves.', 'scenario', '3', '1', '1-5', '01|02|03|04|05', 0, NULL, '0000-00-00 00:00:00', '0000-00-00 00:00:00', NULL),
(86, 'Sewer Dragons of Absalom', 'Absalom is Golarion’s busiest and most populous city, but one of its largest populations goes largely unnoticed. You must venture into the sewers beneath the City at the Center of the World to stop the meddling dragons within from disrupting a vital Pathfinder Society operation.', 'scenario', '3', '2', '3-7', '03|04|05|06|07', 0, NULL, '0000-00-00 00:00:00', '0000-00-00 00:00:00', NULL),
(87, 'The Ghenett Manor Gauntlet', 'When the Pathfinder Society failed to obtain a valuable artifact from a wealthy Druman noble using diplomatic means, the eccentric collector challenged them to take it through skill from one of his well-guarded manors throughout the world. You are sent to Ghenett Manor in Katapesh with the hopes of surviving long enough to return with the prize—assuming it’s there at all.', 'scenario', '3', '3', '5-9', '05|06|07|08|09', 0, NULL, '0000-00-00 00:00:00', '0000-00-00 00:00:00', NULL),
(88, 'The Kortos Envoy', 'The centaur tribes of the Isle of Kortos have long been an enigma to the people of Absalom. But the Pathfinder Society needs the help of one of the horsemen’s greatest heroes, in it falls to you to negotiate an agreement between the Decemvirate and the centaurs of the plains.', 'scenario', '3', '4', '7-11', '07|08|09|10|11', 0, NULL, '0000-00-00 00:00:00', '0000-00-00 00:00:00', NULL),
(89, 'Tide of Twilight', 'In researching a recently recovered druidic lorestone, the Pathfinder Society learns of a powerful artifact with the power to turn men into bestial abominations. Amid claims of increased werewolf activity in the region, the PCs travel into the heart of the Verduran Forest to retrieve the valuable relic from a cabal of evil druids believed to currently hold it. ', 'scenario', '3', '5', '1-5', '01|02|03|04|05', 0, NULL, '0000-00-00 00:00:00', '0000-00-00 00:00:00', NULL),
(90, 'Song of the Sea Witch', 'When an unlucky historian in Absalom uncovers an infernal book from distant Tian Xia, he unwittingly unleashes a terrible evil into the city—the legions of devils imprisoned within its dusty pages. Only the book''s holy counterpart can end the threat, and the Pathfinder Society has been called in to assist. Can the PCs locate and retrieve the key to ending the diabolical invasion of the City at the Center of the World, or will Absalom be drowned in the sea of destruction wrought by the Infernal Incantation?', 'scenario', '3', '6', '3-7', '03|04|05|06|07', 0, NULL, '0000-00-00 00:00:00', '0000-00-00 00:00:00', NULL),
(91, 'Echoes of the Overwatched', 'When a Pathfinder agent working in the famed Blakros Museum in Absalom falls victim to a terrible, ancient evil, if falls to the PCs to hunt down the released terror before it can retrieve a relic of the mad astronomer Ralzeros the Overwatched.', 'scenario', '3', '7', '1-5', '01|02|03|04|05', 0, NULL, '0000-00-00 00:00:00', '0000-00-00 00:00:00', NULL),
(92, 'Among the Gods', 'The Pathfinder Society sends the PCs to the mountaintop mausoleum and monument known as Antios''s Crown in search of a long-lost relic believed to be contained there, but all is not as it seems. Can the Pathfinders survive the denizens of the remote mountain complex and the sinister plot of a powerful cultists who plans revenge on the Society that has foiled their plans one too many times?', 'scenario', '3', '8', '3-7', '03|04|05|06|07', 0, NULL, '0000-00-00 00:00:00', '0000-00-00 00:00:00', NULL),
(93, 'The Quest for Perfection, Part I: The Edge of Heaven', 'In the distant land of Tian Xia, the Pathfinder Society''s Lantern Lodge sends a team of agents high into the mountains of the Wall of Heaven to an abandoned Iroran monastery in search of a powerful relic to assist them in ensure victory in the upcoming Ruby Phoenix Tournament. Though the monastery has long laid unused by the faithful of the Master of Masters, it is not completely devoid of danger, and the PCs soon discover that merely retrieving the ancient artifact is but the beginning of a much larger quest.', 'scenario', '3', '9', '1-5', '01|02|03|04|05', 0, NULL, '0000-00-00 00:00:00', '0000-00-00 00:00:00', NULL),
(94, 'The Immortal Conundrum', 'When the Pathfinder Society receives an invitation to a dinner party at the Thuvian Embassy, hosted by the guardian of this year''s six doses of the infamous sun orchid elixir, the Decemvirate sends a team of Pathfinders to represent them and uncover the nature of the event. Can the PCs navigate the complex social landscape of Absalom''s elite and gain access to the mysterious vault known as the Conundrum, or will they face public ridicule or worse in the face of the steepest competition in the Inner Sea?', 'scenario', '3', '10', '5-9', '05|06|07|08|09', 0, NULL, '0000-00-00 00:00:00', '0000-00-00 00:00:00', NULL),
(95, 'The Quest for Perfection, Part II: On Hostile Waters', 'With an ancient Iroran relic in hand, the Pathfinders must make a long river voyage to the inland nation of Shokuro to return it to the only person who can reactivate the long-dormant artifact. Whether dangers take the form of goblinoid menaces on the shores of Kaoling to the north or the powerful armies of Lingshen to the south, the Pathfinders'' journey will be anything but a pleasure cruise. Can the PCs survive hostile waters to safely reach their destination, or will they fall victim to the perils of river travel in Tian Xia?', 'scenario', '3', '11', '1-5', '01|02|03|04|05', 0, NULL, '0000-00-00 00:00:00', '0000-00-00 00:00:00', NULL),
(96, 'Wonders in the Weave, Part I: The Dog Pharaoh''s Tomb', 'On an isolated demiplane, the Pathfinders explore an Osirian ruin transported from Golarion by a powerful sorcerer centuries ago. And though the Pathfinder Society believes the fruits of their delve to be ripe for the picking, the unnatural landscape surrounding the tomb and a run-in with an unexpected guest make getting out with the treasure a tough task for the PCs.', 'scenario', '3', '12', '5-9', '05|06|07|08|09', 0, NULL, '0000-00-00 00:00:00', '0000-00-00 00:00:00', NULL),
(97, 'The Quest for Perfection, Part III: Defenders of Nesting Swallow', 'As the Pathfinders approach the village of Nesting Swallow in the Tian nation of Shokuro, they find it besieged by a gang of tengu bandits. Before their contact in the village will aid them in restoring the Iroran relic that brought them hundreds of miles to the isolated town, the PCs must repulse the attackers, using every ounce of tactical mettle and military strategy they possess to train the villagers, augment their defenses, and ultimately face off against the bandits'' charge.', 'scenario', '3', '13', '1-5', '01|02|03|04|05', 0, NULL, '0000-00-00 00:00:00', '0000-00-00 00:00:00', NULL),
(98, 'Wonders in the Weave, Part II: Snakes in the Fold', 'In a world the Pathfinder Society thought theirs for the exploring, the agents sent to retrieve a simple relic find themselves at odds with an entire lizardfolk village. As if that weren''t enough, however, a longtime rival to the Society has allied with the lizardfolk, and if not stopped, the Pathfinders'' entire operation on the newly discovered demiplane could be in jeopardy.', 'scenario', '3', '14', '5-9', '05|06|07|08|09', 0, NULL, '0000-00-00 00:00:00', '0000-00-00 00:00:00', NULL),
(99, 'The Haunting of Hinojai', 'Ever seeking long-lost secrets, the Pathfinder Society sends a team of agents to explore a reportedly haunted house in the Dragon Empires nation of Minkai, hoping they can uncover the secret behind the legendary location''s tormented past.', 'scenario', '3', '15', '5-9', '05|06|07|08|09', 0, NULL, '0000-00-00 00:00:00', '0000-00-00 00:00:00', NULL),
(100, 'The Midnight Mauler', 'The Decemvirate sends members of the Pathfinder Society to the former crown jewel of Ustalav''s royal courts, the decaying city of Ardis. Tasked by the Society to look into the fate of Absalom''s former Master of Blades, Vonran Vilk, what they find will lead to exploration, diplomacy, murder, haunted pasts, and tragic love. Can the PCs stop the rampage of the Midnight Mauler before he kills again?', 'scenario', '3', '16', '3-7', '03|04|05|06|07', 0, NULL, '0000-00-00 00:00:00', '0000-00-00 00:00:00', NULL),
(101, 'Red Harvest', 'In the naga-ruled nation of Nagajor in southern Tian Xia, the Pathfinder Society finds itself caught between feuding factions in a remote village. Forced to choose a side, the decisions of the agents involved could determine whether or not the Society gains access to a valuable religious artifact considered sacred by the village''s nagaji population.', 'scenario', '3', '17', '7-11', '07|08|09|10|11', 0, NULL, '0000-00-00 00:00:00', '0000-00-00 00:00:00', NULL),
(102, 'The God''s Market Gamble', 'Valuable relics of religious natures have been disappearing on their way into Absalom and the Pathfinder Society stands to lose countless irreplaceable artifacts if the cause isn''t found. Amid the bustling markets of the God''s Market in the shadow of the Starstone Cathedral, the Society sets a plan in motion to ensure the parties responsible for the recent thefts are caught and brought to justice.', 'scenario', '3', '18', '1-5', '01|02|03|04|05', 0, NULL, '0000-00-00 00:00:00', '0000-00-00 00:00:00', NULL),
(103, 'The Icebound Outpost', 'The Pathfinder Society discovers an Aspis Consortium base in an ancient Vudran temple now encased in a glacier and sends the PCs to infiltrate it and investigate the extent of the rival organization''s regional operations. Can the PCs get in the well-guarded Aspis outpost and escape with their lives and the information the Society seeks?', 'scenario', '3', '19', '1-5', '01|02|03|04|05', 0, NULL, '0000-00-00 00:00:00', '0000-00-00 00:00:00', NULL),
(104, 'The Rats of Round Mountain, Part I: The Sundered Path', 'In an effort to prevent an alliance between the Aspis Consortium and a contingent of ratfolk with incredible regional influence, the Pathfinder Society sends its best agents deep into a Darklands passage to the heart of Round Mountain, where the ratfolk hold court. But as is often the case for Pathfinders, the journey is an adventure unto itself, potentially deadly enough to prevent the PCs from reaching their destination at all.', 'scenario', '3', '20', '7-11', '07|08|09|10|11', 0, NULL, '0000-00-00 00:00:00', '0000-00-00 00:00:00', NULL),
(105, 'The Temple of Empyreal Enlightenment', 'In order to learn about the esoteric faith of the Empyreal Lord Korada, the PCs are sent by the Pathfinder Society to explore an abandoned aasimar temple to the benevolent deity. But what they find there is anything but an opportunity for peaceful reflection and enlightenment.', 'scenario', '3', '21', '1-5', '01|02|03|04|05', 0, NULL, '0000-00-00 00:00:00', '0000-00-00 00:00:00', NULL),
(106, 'The Rats of Round Mountain, Part II: Pagoda of the Rat', 'In the hollow center of Round Mountain, the Pathfinder Society''s crack team of special agents must navigate the so-called Pagoda of the Rat, where the influential ratfolk of the region hold court. Can they break up negotiations between the ratfolk and the sinister Aspis Consortium, or will the risks taken to reach this point have been in vain? The future of the Pathfinder Society''s viability in the region lies in the PCs'' hands.', 'scenario', '3', '22', '7-11', '07|08|09|10|11', 0, NULL, '0000-00-00 00:00:00', '0000-00-00 00:00:00', NULL),
(107, 'The Goblinblood Dead', 'More than a decade has passed since the Goblinblood Wars left the nation of Isger in shambles, and the Pathfinder Society uses the many abandoned roads through the county''s interior to smuggle valuable relics. But when a series of attacks on the Varisian caravans carrying the illicit cargo puts the route in jeopardy, it falls to the PCs to investigate and rid the region of the threat to the Society''s operations.', 'scenario', '3', '23', '1-5', '01|02|03|04|05', 0, NULL, '0000-00-00 00:00:00', '0000-00-00 00:00:00', NULL),
(108, 'The Golden Serpent', 'The Pathfinder Society sends a team of agents to meet an important contact in an unassuming restaurant in Absalom’s Ivy District, but not everything is as it seems. What the Pathfinders find there will lead them into a lion’s den of danger and intrigue in the City at the Center of the World.', 'scenario', '3', '24', '5-9', '05|06|07|08|09', 0, NULL, '0000-00-00 00:00:00', '0000-00-00 00:00:00', NULL),
(109, 'Storming the Diamond Gate', 'Agents of the Pathfinder Society have discovered the location of a back door into their private demiplane that puts the entire realm at risk of plunder and exploitation at the hands of the Aspis Consortium. Rather than close the access point into their adventuring paradise, however, the Decemvirate sends a crack team of Pathfinders to secure the gate for future Society use... at any cost.', 'scenario', '3', '25', '3-7', '03|04|05|06|07', 0, NULL, '0000-00-00 00:00:00', '0000-00-00 00:00:00', NULL),
(110, 'Portal of the Sacred Rune', 'The Pathfinder Society has secured one end of a portal from Golarion leading to an isolated demiplane rife with adventuring opportunities. Now all that remains is gaining control of the other end, thereby ensuring safe and continued use by Pathfinders for years to come. The PCs are selected as the best chance the Decemvirate has of claiming the portal for their own.', 'scenario', '3', '26', '7-11', '07|08|09|10|11', 0, NULL, '0000-00-00 00:00:00', '0000-00-00 00:00:00', NULL),
(111, 'Special: Blood Under Absalom', 'The Ruby Phoenix Tournament is nigh, and organizations and individuals throughout the Inner Sea are scrambling to secure a spot in the legendary Tian fighting competition, among them the Pathfinder Society. In an underground qualifier event overseen by an enigmatic old monk and his oni spokesman, the Pathfinders must overcome the opposition to ensure the Society can send representatives to distant Goka to compete in the Ruby Phoenix Tournament itself. Battles will rage and blood will flow under the streets of Absalom, and only the greatest combatants will emerge victorious.', 'scenario', '3', 'S', '1-11', '01|02|03|04|05|06|07|08|09|10|11', 0, NULL, '0000-00-00 00:00:00', '0000-00-00 00:00:00', NULL),
(112, 'The Cyphermage Dilemma', 'In the shadow of the cyclopean Cyphergate that spans Riddleport''s harbor, the PCs find themselves embroiled in a dangerous plot of deception that one could only find in Varisia''s infamous pirate port.', 'scenario', '3', 'EX', '1-5', '01|02|03|04|05', 0, '2013-02-28 00:00:00', '0000-00-00 00:00:00', '0000-00-00 00:00:00', NULL),
(113, 'Rise of the Goblin Guild', 'When a monster is discovered on the grounds of the Pathfinder Lodge at Heidmarch Manor in Magnimar, an investigation into its appearance leads the PCs deep under the City of Monuments—and face to face with a burgeoning thieves’ guild.', 'scenario', '4', '1', '1-5', '01|02|03|04|05', 0, NULL, '0000-00-00 00:00:00', '0000-00-00 00:00:00', NULL),
(114, 'In Wrath’s Shadow', 'In the ruins of Xin-Bakrakhan—seat of power of the Runelord of Wrath—the Pathfinder Society stands on the verge of a great discovery, but first the brave agents exploring the ruins must survive ages-old dangers and contemporary threats to return with the knowledge and wealth they’ve unearthed.', 'scenario', '4', '2', '3-7', '03|04|05|06|07', 0, NULL, '0000-00-00 00:00:00', '0000-00-00 00:00:00', NULL),
(115, 'The Golemworks Incident', 'When the Golemworks in Magnimar starts reporting some “problems” with their most recent batch of golems, the PCs are sent to investigate in the hope that the Pathfinder Society can get on good terms with the influential arcane organization.', 'scenario', '4', '3', '5-9', '05|06|07|08|09', 0, NULL, '0000-00-00 00:00:00', '0000-00-00 00:00:00', NULL),
(116, 'King of the Storval Stairs', 'The PCs are sent to map the Storval Stairs and ensure the stairs provide a safe route to the Storval Rise from Magnimar, but upon their arrival, they find the ancient site claimed and “ruled” by the self-proclaimed King of the Storval Stairs. Only through guile, diplomacy, or cold steel will the Pathfinders ensure access to iconic Thassilonian location.', 'scenario', '4', '4', '7-11', '07|08|09|10|11', 0, NULL, '0000-00-00 00:00:00', '0000-00-00 00:00:00', NULL),
(117, 'The Sanos Abduction', 'The Pathfinders are sent to the Sanos Forest in central Varisia to assist an agent researching the fey who inhabit the remote wood. But like many seemingly routine tasks in a Pathfinder''s adventuring career, the simple support mission quickly turns into an adventure the PCs aren''t soon to forget—presuming they survive.', 'scenario', '4', '5', '3-7', '03|04|05|06|07', 0, NULL, '0000-00-00 00:00:00', '0000-00-00 00:00:00', NULL),
(118, 'The Green Market', 'When an ally of the Society reports that her sister''s business is being harassed by the Aspis Consortium in the Varisian city of Korvosa, a team of Pathfinder agents is dispatched to the Green Market to assist. What they find there is more than simple strong-arming and intimidation, however. What mysterious forces bring the popular market its unlikely success, and can the PCs stop the Aspis Consortium from gaining control of what could become a lucrative resource for the rival organization?', 'scenario', '4', '6', '5-9', '05|06|07|08|09', 0, NULL, '0000-00-00 00:00:00', '0000-00-00 00:00:00', NULL),
(119, 'Severing Ties', 'The Pathfinder Society has discovered a new Aspis Consortium base in the pirate city of Riddleport and sends a small team of agents to infiltrate the rival cell disguised as newly hired mercenaries from Magnimar. After proving their value to the Aspis Consortium by carrying out a number of tasks throughout the City of Cyphers, the Pathfinders can learn the location of one of the consortium''s local allies and ensure that the support the Aspis Consortium is counting on from their friends won''t come.', 'scenario', '4', '7', '1-5', '01|02|03|04|05', 0, NULL, '0000-00-00 00:00:00', '0000-00-00 00:00:00', NULL),
(120, 'The Cultist''s Kiss', 'An active cell of the cult of Lissala—ancient goddess of runes and obedience—has been discovered in the Varisian town of Palin''s Cove. Seeking a chance to learn about this long-lost faith not from millennia-old relics but from its current practice, a team of Pathfinders travels to the industrial seaside settlement to uncover the secret coven and infiltrate its services in the guise of prospective converts. Will the Pathfinders discover the knowledge they seek, or will the evil cult subvert them with its vile and seductive faith?', 'scenario', '4', '8', '7-11', '07|08|09|10|11', 0, NULL, '0000-00-00 00:00:00', '0000-00-00 00:00:00', NULL),
(121, 'The Blakros Matrimony', 'The eldest daughter of the prominent Blakros family is set to wed an influential Hellknight, and the Pathfinder Society is invited to the festivities. Dressed for a wedding befitting royalty, a team of Pathfinders attend the ceremony on behalf of the Decemvirate, but will their presence ultimately strengthen the Society''s relationship with the influential Blakroses, or will events at the wedding bring the already tenuous alliance to a breaking point?', 'scenario', '4', '9', '3-7', '03|04|05|06|07', 0, NULL, '0000-00-00 00:00:00', '0000-00-00 00:00:00', NULL),
(122, 'Feast of Sigils', 'In Kaer Maga, the mysterious and dangerous cliffside City of Strangers in untamed Varisia, the Pathfinder Society will come face to face with a sect of the cult of Lissala who prey upon the city''s most vulnerable denizens to increase their own power. To what end do they conduct the ancient Feast of Sigils ritual, and can the Pathfinders stop them before their evil plans come to fruition?', 'scenario', '4', '10', '7-11', '07|08|09|10|11', 0, NULL, '0000-00-00 00:00:00', '0000-00-00 00:00:00', NULL),
(123, 'The Disappeared', 'A powerful ally of the Pathfinder Society has disappeared, and no one but the Pathfinders even remembers that she ever existed. Can the PCs discover the fate of their missing associate, or will all memory of her be erased completely from history?', 'scenario', '4', '11', '1-5', '01|02|03|04|05', 0, NULL, '0000-00-00 00:00:00', '0000-00-00 00:00:00', NULL),
(124, 'The Refuge of Time', 'In the ruins of a fallen empire built on the power of sin lies the key to awakening a great evil from a time long gone. The Pathfinder Society isn''t the only organization seeking this potent artifact, however, and the result of failure could mean disaster for the whole of Varisia and beyond.', 'scenario', '4', '12', '7-11', '07|08|09|10|11', 0, NULL, '0000-00-00 00:00:00', '0000-00-00 00:00:00', NULL),
(125, 'Fortress of the Nail', 'The Pathfinder Society sends a team of agents into a Hellknight citadel to free a wrongfully imprisoned ally. Among the law-bound knights, however, they may find that getting out of the prison isn''t as easy as getting in.', 'scenario', '4', '13', '5-9', '05|06|07|08|09', 0, NULL, '0000-00-00 00:00:00', '0000-00-00 00:00:00', NULL),
(126, 'My Enemy''s Enemy', 'Someone in the city of Magnimar is committing crimes and leaving evidence implicating the Pathfinder Society. It falls to the Pathfinders to get to the bottom of it, and what they find may signal the resurgence of an enemy thought long defeated.', 'scenario', '4', '14', '3-7', '03|04|05|06|07', 0, NULL, '0000-00-00 00:00:00', '0000-00-00 00:00:00', NULL),
(127, 'The Cyphermage Dilemma', 'In the shadow of the cyclopean Cyphergate that spans Riddleport''s harbor, the PCs find themselves embroiled in a dangerous plot of deception that one could only find in Varisia''s infamous pirate port.', 'scenario', '4', '15', '1-5', '01|02|03|04|05', 0, NULL, '0000-00-00 00:00:00', '0000-00-00 00:00:00', NULL),
(128, 'The Fabric of Reality', 'For the past year, the Pathfinder Society has used the isolated demiplane contained in the Hao Jin Tapestry as a private adventuring realm and, since discovering a backdoor out of the demiplane, as a shortcut from the tapestry''s location to a hidden corner of Varisia. But the tapestry wasn''t designed for this purpose, and travel from Absalom to Varisia could be more efficient. Now a team of Pathfinders must discover how the infamous sorcerer known as the Ruby Phoenix created her private demiplane and enter the heart of the tapestry and alter the very nature of the magical realm.', 'scenario', '4', '16', '5-9', '05|06|07|08|09', 0, NULL, '0000-00-00 00:00:00', '0000-00-00 00:00:00', NULL),
(129, 'Tower of the Ironwood Watch', 'On the edge of Varisia''s Mierani Forest stand the ruins of an ancient guardtower that once served as the native elves'' first line of defense against the threat of invasion from the bordering Thassilonian realm of Envy. Just as the elves fled Golarion to avoid the destruction of Earthfall, so too did they leave behind the Tower of the Ironwood Watch, which the Pathfinder Society now hopes to explore—a task that could prove more dangerous than anyone anticipates.', 'scenario', '4', '17', '5-9', '05|06|07|08|09', 0, NULL, '0000-00-00 00:00:00', '0000-00-00 00:00:00', NULL),
(130, 'The Veteran''s Vault', 'While many Pathfinders meet unfortunate fates in their ongoing explorations of the dangerous world of Golarion, some retire with decades'' worth of treasure in their coffers, and their lives still intact. When one such Pathfinder approaches the Grand Lodge with the hidden location of her treasure vault, it falls upon a new generation of Pathfinders to retrieve from within a valuable keepsake. That they can keep anything other than the ex-Pathfinder''s locket makes the assignment all the sweeter.', 'scenario', '4', '18', '1-5', '01|02|03|04|05', 0, NULL, '0000-00-00 00:00:00', '0000-00-00 00:00:00', NULL),
(131, 'The Night March of Kalkamedes', 'A veteran Pathfinder exploring the Fenwall Mountains of Varisia has begun sleepwalking, traveling through the dead of night in the same direction each time. The following mornings, however, he awakens injured and lost in the wilderness, never reaching the mysterious destination that drew him from his bed in the night. Something is calling Kalkamedes, something powerful, but unless he can make it safely to the source of his somnambulism, that power will remain a mystery. It falls to a team of Pathfinders to escort the sleepwalker to his destination and uncover the true nature of the strange phenomenon overtaking Kalkamedes''s dreams.', 'scenario', '4', '19', '1-5', '01|02|03|04|05', 0, NULL, '0000-00-00 00:00:00', '0000-00-00 00:00:00', NULL),
(132, 'Words of the Ancients', 'After countless divinations and the efforts of undercover agents throughout Varisia, the Pathfinder Society has discovered the location of the last component needed to awaken a sleeping runelord. In a mad dash to beat the cult of Lissala to this ancient Thassilonian ruin, the Pathfinders must do whatever it takes to ensure they and not the evil cultists acquire the power within. But the arcane components are not unguarded, and even after 10,000 years, the cost of ensuring the safety of the region could be higher than the veteran adventurers are prepared or willing to pay.', 'scenario', '4', '20', '7-11', '07|08|09|10|11', 0, NULL, '0000-00-00 00:00:00', '0000-00-00 00:00:00', NULL),
(133, 'Way of the Kirin', 'On the eastern continent of Tian Xia, the Pathfinder Society remains a small player in the greater political landscape, but Amara Li, head of the Lantern Lodge in the teeming city of Goka, has plans to change that. In order to secure the Pathfinder Society''s place as an influential organization on the far side of the world from the Grand Lodge in Absalom, she must orchestrate an alliance with the mysterious Way of the Kirin. But the longtime rival of the Pathfinder Society, the Aspis Consortium, has plans to form an alliance of its own, and if the consortium succeeds, the Pathfinder Society''s hopes of cementing their place in the Dragon Empires could be dashed forever.', 'scenario', '4', '21', '3-7', '03|04|05|06|07', 0, NULL, '0000-00-00 00:00:00', '0000-00-00 00:00:00', NULL),
(134, 'Glories of the Past, Part I: Halls of Dwarven Lore', 'The dwarven sky citadel of Janderhoff in eastern Varisia is one of the least visited settlements in the land, at least by non-dwarves. Nevertheless, the Pathfinder Society has been invited to assist in the excavation of a forgotten ruin within the large underground complex. What the fearless adventurers stand to find within could be the greatest discovery of the Age of Lost Omens, something sure to immortalize all involved in the pages of the Pathfinder Chronicles for ever more. But the ruins under Janderhoff aren''t the end of the Pathfinders'' journey; rather they illuminate a treacherous path ahead, from the familiar land of Varisia into much more dangerous territory.', 'scenario', '4', '22', '5-9', '05|06|07|08|09', 0, NULL, '0000-00-00 00:00:00', '0000-00-00 00:00:00', NULL),
(135, 'Rivalry''s End', 'The Pathfinder Society''s conflict with the Aspis Consortium in the frontier region of Varisia has come to a head, and the time to secure dominance of the ancient land is now. But despite mounting victories on the Society''s part, the Aspis Consortium still has a few tricks up its sleeves, including several powerful agents from the Pathfinders'' past who could prove too challenging an obstacle to surmount. Can the PCs end the ongoing struggle for control of the flow of ancient Thassilonian artifacts out of Varisia''s ports, or will the Aspis Consortium succeed in keeping the Pathfinder Society ever in its shadow as it profits on the exploitation of the millennia?', 'scenario', '4', '23', '3-7', '03|04|05|06|07', 0, NULL, '0000-00-00 00:00:00', '0000-00-00 00:00:00', NULL),
(136, 'Glories of the Past, Part II: The Price of Friendship', 'The Pathfinder Society has discovered the hint of a monumental revelation, but in order to confirm their find, they must send a team of agents into the dangerous and unwelcoming orc-ruled Hold of Belkzen. While an expedition could easily be dispatched to the orc capital of Urgir, the Decemvirate urges caution to ensure success. Thus, a team of Pathfinders must seek out a guide in the Varisian orc city of Urglin. Can they navigate the treacherous city of denizens who wouldn''t mind seeing them dead, or will the orcs'' Second Home be the site of their final mission?', 'scenario', '4', '24', '5-9', '05|06|07|08|09', 0, NULL, '0000-00-00 00:00:00', '0000-00-00 00:00:00', NULL),
(137, 'Glories of the Past, Part III: The Secrets Stones Keep', 'Deep beneath the orc city of Urgir in the Hold of Belkzen lie the ruins of the ancient dwarven Sky Citadel of Koldukar, where awaits what could be the greatest discovery of the Age of Lost Omens: confirmation of the location of one of the lost Sky Citadels, built by the dwarves in their earliest days on the surface of Golarion. But reaching their destination won''t be easy for the Pathfinders, and only the most skilled will survive Urgir and the terrors guarding the dwarves'' long-abandoned secrets. Can they uncover the location of the lost Sky Citadel, or will the Pathfinders suffer the same fate as Koldukar—defeat at the hands of ruthless orcs and centuries of decay under the earth?', 'scenario', '4', '25', '5-9', '05|06|07|08|09', 0, NULL, '0000-00-00 00:00:00', '0000-00-00 00:00:00', NULL),
(138, 'The Waking Rune', 'After a year of searching and risking life and limb, the agents of the Pathfinder Society have discovered the resting place of the Runelord of Sloth, who has been sequestered from the world at large for 10,000 years awaiting the proper time for his return. Thanks to the efforts of the sinister cult of Lissala, that time is now. In a desperate attempt to defeat this ancient evil once and for all, the Decemvirate sends its best agents, armed with relics found throughout ancient Thassilon, to foil the cult''s last-ditch efforts to usher in a new era of tyranny and strife. Will the party succeed in preventing Krune''s return to Golarion, or will the Pathfinder Society serve simply as a speed-bump in the runelord''s path to domination over the entire region?', 'scenario', '4', '26', '7-11', '07|08|09|10|11', 0, NULL, '0000-00-00 00:00:00', '0000-00-00 00:00:00', NULL),
(139, 'Special: Race for the Runecarved Key', 'An ancient Thassilonian artifact has been unearthed in Magnimar and is to be auctioned off by the city government. In order to maintain good relations with those in power in the City of Monuments, the Pathfinder Society must obtain the relic without simply stealing it, although employing any other means necessary. It falls to the PCs to infiltrate the auction, sabotage the other bidders’ efforts, and call in favors from those in the Society’s debt to ensure the Runecarved Key (and the secrets it unlocks) belongs to the Pathfinders when the adventure draws to a close.', 'scenario', '4', 'S', '1-12+', '01|02|03|04|05|06|07|08|09|10|11|12|13|14|15|16|17|18|19|20', 0, NULL, '0000-00-00 00:00:00', '0000-00-00 00:00:00', NULL),
(140, 'Day of the Demon', 'The Blakros family, long an ally of the Pathfinder Society, has come into possession of a manor house in the imperial nation of Cheliax, where a once prominent noble family was known to practice diabolism before the Age of Lost Omens. The Pathfinders'' task is simple: clear the abandoned manor of any remaining threats before the Blakroses move in. Unfortunately, the estate hasn''t sat empty as long as the Blakroses think it has, and its recent inhabitants were anything but the devil-worshipers who originally built the manor.', 'scenario', '4', 'EX', '3-7', '03|04|05|06|07', 0, '2015-07-03 00:00:00', '0000-00-00 00:00:00', '0000-00-00 00:00:00', NULL),
(141, 'Ruins of Bonekeep, Level One: The Silent Grave', 'An enemy of the Pathfinder Society recently found a hidden dungeon in a centuries-old siege fortress, but despite his best efforts to convert it into his base of operations, he failed. When a pair of Pathfinders encounter disaster while scouting out the entrance, the party must explore the first level of the dungeon to determine not just what attacked their comrades but also what dark power their nemesis nearly acquired.', 'scenario', '4', 'S', '3-7', '03|04|05|06|07', 0, NULL, '0000-00-00 00:00:00', '0000-00-00 00:00:00', NULL),
(142, 'The Glass River Rescue', 'A Pathfinder leading a diplomatic envoy from the dwarven holds of the Five Kings Mountains has gone missing, and the balance of power in a time of war hangs on her rescue. The Pathfinder Society''s divinations indicate the agent was waylaid in the theocratic nation of Razmiran, when one of her escorted diplomats failed to pay a requested tithe. Now it falls to the party to enter Razmiran, locate the missing Pathfinder and the dwarven diplomats, and escape with their lives.', 'scenario', '5', '1', '1-5', '01|02|03|04|05', 0, NULL, '0000-00-00 00:00:00', '0000-00-00 00:00:00', NULL),
(143, 'The Wardstone Patrol', 'All-out war has erupted on the long-contested border between the crusader nation of Mendev and the demon-infested Worldwound. With the magical defenses that once held the demons at bay failing, defense of the region now falls to small patrols of mobile soldiers to resupply, reinforce, and communicate between the border''s many fortresses and outposts. With so much at stake, the Pathfinder Society has enlisted many of its agents to assist in the war effort, both to protect its own interests and to prevent the onrushing tide of demonic attackers from plunging the entire Inner Sea region into chaos. On one such wardstone patrol, however, the party may find itself facing an enemy of an entirely different nature.', 'scenario', '5', '2', '3-7', '03|04|05|06|07', 0, NULL, '0000-00-00 00:00:00', '0000-00-00 00:00:00', NULL),
(144, 'The Hellknight''s Feast', 'War between demons and the civilized peoples of the Inner Sea region has broken out in the Worldwound far to the north of Absalom, but despite the regional implications of an Abyssal victory, many nations are ambivalent toward the cause. The Pathfinder Society, at the urging of Silver Crusade leader Ollysta Zadrian, arranges a formal banquet to be hosted by newlyweds Michellia and Damian Blakros, at which the society''s agents can attempt to sway the political opinions of Absalom''s movers and shakers. Will the Pathfinders succeed in securing the much-needed military support of Absalom and other nations bordering the Inner Sea, or will the crusaders and Pathfinders fighting on the front lines in Mendev find themselves standing alone before the demonic hordes?', 'scenario', '5', '3', '5-9', '05|06|07|08|09', 0, NULL, '0000-00-00 00:00:00', '0000-00-00 00:00:00', NULL),
(145, 'The Stolen Heir', 'The Mendevian Crusade draws heavily on the Pathfinder Society’s resources, and unless the Decemvirate can secure the assistance of generous patrons, the society may not have sufficient capital both to fight off the demonic invasion and to prepare its expedition to a lost historical site within the Worldwound. Upon hearing that the daughter of an eminent and wealthy of citizen of Sauerton has gone missing, the Pathfinders rush to her aid in the hope of earning her father’s goodwill and support in upcoming endeavors.', 'scenario', '5', '4', '1-5', '01|02|03|04|05', 0, NULL, '0000-00-00 00:00:00', '0000-00-00 00:00:00', NULL),
(146, 'The Elven Entanglement', 'Nearly every nation has contributed to the Mendevian Crusade, but few are willing to send additional aid to assist the Pathfinder Society directly. Owed a favor the elves cannot refuse, Pathfinders travel to Kyonin to secure a force of some of the finest demon-hunters in Avistan only to find that the hunters are missing in action. Can the Pathfinders extract the lost elves from the depths of Tanglebriar, or will they become the latest casualties of Treerazer’s domain?', 'scenario', '5', '5', '7-11', '07|08|09|10|11', 0, NULL, '0000-00-00 00:00:00', '0000-00-00 00:00:00', NULL),
(147, 'You Have What You Hold', 'As an act of retribution, an enemy of the society begins hiring river pirates to waylay Pathfinder boats bound for the crusader nation of Mendev. Unless the Pathfinders can track down the party responsible and put an end to their piracy, the raids may spell the doom of the society’s ambitions to the north.', 'scenario', '5', '6', '3-7', '03|04|05|06|07', 0, NULL, '0000-00-00 00:00:00', '0000-00-00 00:00:00', NULL),
(148, 'Port Godless', 'Few are as adept at fighting demons as the Riftwardens, an organization of spellcasters dedicated to protecting the boundaries between the planes. Many are already committed to the Fifth Crusade in Mendev and are unable to assist the Pathfinders directly in the society’s upcoming expedition into the Worldwound, but if the Pathfinders assist the Riftwardens elsewhere, perhaps a small number of the mages might be free to return the favor. Unfortunately, this means entering the godless nation Rahadoum, where several Riftwardens have recently disappeared.', 'scenario', '5', '7', '5-9', '05|06|07|08|09', 0, NULL, '0000-00-00 00:00:00', '0000-00-00 00:00:00', NULL),
(149, 'The Confirmation', 'Almost all Pathfinders undergo extensive training for three or more years to learn the tricks of the trade, and their last test before graduating from the ranks of the initiates to the status of a full Pathfinder agent is the Confirmation, a special research project that involves considerable fieldwork and is designed to simulate the initiates'' future work as a Pathfinder. Even the noteworthy field commissioned agents sometimes participate in such trials as a way to familiarize themselves with the Pathfinder Society’s rules and expectations. Although Confirmation is typically an individual affair, the society recently discovered a site on the Isle of Kortos that would be perfect for initiates but perhaps too dangerous to handle alone. Successfully uncovering this site’s secrets will not only contribute to the society’s body of knowledge but shape the exciting careers ahead for each of the prospective agents.', 'scenario', '5', '8', '1-2', '01|02', 1, NULL, '0000-00-00 00:00:00', '0000-00-00 00:00:00', NULL),
(150, 'The Traitor’s Lodge', 'During the recent attack on Nerosyan, Pathfinders sought out a local venture-captain to aid in the city’s defense. What they found instead suggested the leader had not only fled recently but had played a part in the demons’ offensive. Venture-Captain Jorsal has determined that the safety and integrity of the Pathfinder Society requires that a team delve into the sealed basement beneath the abandoned lodge to determine what other plans his turncoat colleague may have set in motion.', 'scenario', '5', '9', '3-7', '03|04|05|06|07', 0, NULL, '0000-00-00 00:00:00', '0000-00-00 00:00:00', NULL),
(151, 'Where Mammoths Dare Not Tread', 'Despite several promising developments on the front lines, it’s increasingly clear to the Pathfinder Society that fighting its way across the entire Worldwound would prove far more costly than approaching the Sky Citadel Jormurdun from the west. What it might gain in ease of use, the society lacks in an established basecamp, so the PCs must travel to the Realm of the Mammoth Lords to win over the locals and secure a beachhead—all without falling prey to the area’s powerful megafauna, savage demons, and relentless barbarian tribes.', 'scenario', '5', '10', '7-11', '07|08|09|10|11', 0, NULL, '0000-00-00 00:00:00', '0000-00-00 00:00:00', NULL),
(152, 'Library of the Lion', 'Few societies have so vaunted a tradition of leading crusades as Taldor, yet the constant revisions to its history by scheming factions leaves the truth obscured by countless acts of political modifications. Even the lauded Kitharodian Academy’s texts are riddled with these changes, so when a secretive ally approaches the Pathfinder Society with information about a hidden archive that contains the unaltered histories, the Pathfinders plan a daring infiltration to recover the secrets of Taldor’s past victories so that Mendev might benefit from the discovery.', 'scenario', '5', '11', '1-5', '01|02|03|04|05', 0, NULL, '0000-00-00 00:00:00', '0000-00-00 00:00:00', NULL),
(153, 'Destiny of the Sands, Part 1: A Bitter Bargain', 'Amenopheus has learned that the legacy of the Jeweled Sages lies near the Osirian trade city of Eto, and the Pathfinder Society has pledged its support in the Sapphire Sage’s investigation of his ancient order; however the lead dried up—that was until a familiar information broker contacted Amenopheus offering an exchange of services. To assist an ally and unlock the secrets of Osirion’s past, the Society must deal with a deadly antagonist once more by sending the PCs to fulfill the bargain and collect its due. The only question is what price their foe will demand.', 'scenario', '5', '12', '1-5', '01|02|03|04|05', 0, NULL, '0000-00-00 00:00:00', '0000-00-00 00:00:00', NULL),
(154, 'Weapon in the Rift', 'Dire need begets great innovation, and Ghalcor, a cleric of Iomedae, created a revolutionary new weapon to fight the demons that poured out of the Worldwound at the end of the First Mendevian Crusade. Unfortunately, the fiends overwhelmed Ghalcor and his assistants before they could arm and trigger the weapon, but complex fail-safes sealed off Ghalcor’s tower and kept the device from falling into abyssal hands. As the Fifth Mendevian Crusade rages on, Ghalcor’s secret weapon could be the factor that turns the tide, so the Pathfinder Society has agreed to find a way past the indiscriminate safeguards to secure the device for the crusaders—a task complicated by their pushing past enemy lines.', 'scenario', '5', '13', '5-9', '05|06|07|08|09', 0, NULL, '0000-00-00 00:00:00', '0000-00-00 00:00:00', NULL),
(155, 'Day of the Demon', 'The Blakros family, long an ally of the Pathfinder Society, has come into possession of a manor house in the imperial nation of Cheliax, where a once prominent noble family was known to practice diabolism before the Age of Lost Omens. The Pathfinders'' task is simple: clear the abandoned manor of any remaining threats before the Blakroses move in. Unfortunately, the estate hasn''t sat empty as long as the Blakroses think it has, and its recent inhabitants were anything but the devil-worshipers who originally built the manor.', 'scenario', '5', '14', '3-7', '03|04|05|06|07', 0, NULL, '0000-00-00 00:00:00', '0000-00-00 00:00:00', NULL),
(156, 'Destiny of the Sands, Part 2: Race to Seeker''s Folly', 'The Pathfinder Society has discovered the location of a powerful Osirian artifact secreted beneath the sands, but they are not the only ones who seek its power. The Pathfinders must endure the scalding Osirian desert, brave its inhabitants, and watch for hidden dangers if they are to survive. Can the PCs reach the ruins before their rivals claim the prize?', 'scenario', '5', '15', '1-5', '01|02|03|04|05', 0, NULL, '0000-00-00 00:00:00', '0000-00-00 00:00:00', NULL),
(157, 'Destiny of the Sands, Part 3: Sanctum of the Sages', 'Uncovering the secrets of a Jeweled Sage reveals that the others are in grave danger, and the PCs set off after notorious jewel thieves before the criminals can disappear with another priceless treasure. When the trail leads to the sages’ hidden sanctum deep within the Pillars of the Sun, the Pathfinders must draw upon both their own resourcefulness and the ancient historians’ power if they are to preserve a millennia-old organization and Osirion’s past.', 'scenario', '5', '16', '3-7', '03|04|05|06|07', 0, NULL, '0000-00-00 00:00:00', '0000-00-00 00:00:00', NULL),
(158, 'Fate of the Fiend', 'Years after the Pathfinder Society delved deep into the Jistkan ruins of Rachikan in western Cheliax, archaeological investigations continue to uncover ancient wonder. Reports recently ceased after scholars reported finding a sealed chamber believed to contain cadres of battle golems untouched since the Jistka Imperium’s collapse. The Pathfinder Society hopes to recover the golems for study and possible use in the Worldwound, but can its agents reach the sealed storeroom before the constructs fall into enemy hands? “Fate of the Fiend” is the spiritual sequel to “Fingerprints of the Fiend” and “Fury of the Fiend,” though the scenarios can be played in any order.', 'scenario', '5', '17', '7-11', '07|08|09|10|11', 0, NULL, '0000-00-00 00:00:00', '0000-00-00 00:00:00', NULL),
(159, 'The Stranger Within', 'Guaril Karela, a close ally of the Pathfinder Society and the leader of the Sczarni faction, made dangerous enemies during his bid for territory and influence, and several of the rivals that he once thought defeated have returned with every intention of ending Guaril’s little empire and his life. The PCs must travel to the dangerous city of Kaer Maga, track down these assassins, and sabotage their efforts in order to save one of the Society’s most reliable spymasters.', 'scenario', '5', '18', '5-9', '05|06|07|08|09', 0, NULL, '0000-00-00 00:00:00', '0000-00-00 00:00:00', NULL),
(160, 'The Horn of Aroden', 'For months Taldor faction leader Lady Gloriana Morilla has mustered a small army to aid the Mendevian Crusade; however, without a powerful, unifying icon to rally around, progress is slow. When her agents learned of a dormant relic that might be awakened, she petitioned the Pathfinder Society for its aid in recovering this so-called Horn of Aroden, knowing that the Society would benefit from her army’s hastened arrival. The PCs travel to Brevoy, a fragmented land of dueling, cold, and conquest to secure this horn, though in doing so they join an ongoing plot of politics and intrigue.', 'scenario', '5', '19', '1-5', '01|02|03|04|05', 0, NULL, '0000-00-00 00:00:00', '0000-00-00 00:00:00', NULL),
(161, 'The Sealed Gate', 'Following its efforts to set up a base camp in the Realm of the Mammoth Lords, the Pathfinder Society seemed ready to mobilize its forces when Marcos Farabellus received troubling news: something dire had befallen the camp. What’s worse, these events resulted in the disappearance of one of the Society’s most valuable tools as well as two of its esteemed leaders. The PCs must investigate the ruined camp, track down the perpetrators, and recover a powerful relic to prevent this tragedy from ruining the entire expedition.', 'scenario', '5', '20', '7-11', '07|08|09|10|11', 0, NULL, '0000-00-00 00:00:00', '0000-00-00 00:00:00', NULL),
(162, 'The Merchant''s Wake', 'A powerful Qadiran trade prince has died, and faction leader Aaqir al’Hakam rushes to his homeland to attend his mentor’s funeral. As an act of support, the Pathfinder Society sends the PCs as representatives to the event; however the death of such an influential merchant and politician has created a considerable power vacuum, and ambitious acquaintances from across the Inner Sea are in attendance to pay their respects, claim a piece of the trade prince’s legacy, and undercut their rivals’ attempts to do the same. Can the Pathfinders keep this somber event from spiraling into a bloodbath?', 'scenario', '5', '21', '1-5', '01|02|03|04|05', 0, NULL, '0000-00-00 00:00:00', '0000-00-00 00:00:00', NULL),
(163, 'Scars of the Third Crusade', 'The fiery inquisitions that raged through Mendev during the Third Mendevian Crusade may have been damped but never truly extinguished. Fanatics have reignited the witch-hunts in eastern Mendev, and in doing so they have captured and accused allies of the Pathfinder Society. Unless the PCs intercede and put a stop to this mob justice, their allies'' deaths will spark a new wave of internecine executions throughout the crusader nation.', 'scenario', '5', '22', '1-5', '01|02|03|04|05', 0, NULL, '0000-00-00 00:00:00', '0000-00-00 00:00:00', NULL),
(164, 'Cairn of Shadows', 'The innumerable cairns and burial mounds of Barrowmoor in northern Nidal contain untold treasures and terrors, and the local taboos and Nidalese theocracy are typically enough to keep any but the boldest from exploring the site; however, when the Blakros family informs the Pathfinder Society that their shared enemy is in pursuit of a dangerous artifact, the PCs must brave the shadow-stricken region to keep this object from falling into the wrong hands.', 'scenario', '5', '23', '5-9', '05|06|07|08|09', 0, NULL, '0000-00-00 00:00:00', '0000-00-00 00:00:00', NULL);
INSERT INTO `scenarios` (`id`, `name`, `description`, `type`, `season`, `number`, `tier`, `levelrange`, `evergreen`, `archived`, `created_on`, `updated_on`, `deleted`) VALUES
(165, 'Assault on the Wound', 'The Pathfinder Society embarks on its expedition to the lost Sky Citadel Jormurdun with a small army of allies in tow, but they are not the only ones seeking the dwarven fortress. Two of the Society’s nemeses have rallied the fiends of Frostmire to crush the Pathfinders, hoping to buy the villains enough time to secure Jormurdun first. If the campaign is to succeed, the Society’s forces will need bold leadership. Can the PCs lead their motley army to victory deep in the Worldwound?', 'scenario', '5', '24', '3-7', '03|04|05|06|07', 0, NULL, '0000-00-00 00:00:00', '0000-00-00 00:00:00', NULL),
(166, 'Vengeance at Sundered Crag', 'Two foes of the Pathfinder Society race toward the dwarven Sky Citadel Jormurdun, aiming to snatch away the Pathfinders'' prize. The Society dispatches its best agents to intercept the duo. Can the PCs prevent their enemies from ruining the expedition and put an end to the threat posed by these villains?', 'scenario', '5', '25', '7-11', '07|08|09|10|11', 0, NULL, '0000-00-00 00:00:00', '0000-00-00 00:00:00', NULL),
(167, 'The Paths We Choose', 'The failure of Mendev''s wardstones set in motion not only a new crusade but also catalyzed a change in the Pathfinder Society''s various factions. As the Pathfinders prepare to march on the Sky Citadel Jormurdun, members of the various factions scramble to consolidate their gains and neutralize their enemies.', 'scenario', '5', '99', '3-7', '03|04|05|06|07', 0, NULL, '0000-00-00 00:00:00', '0000-00-00 00:00:00', NULL),
(168, 'Special: Siege of the Diamond City', 'After a recent discovery of a lost city in the heart of the demon-infested Worldwound, Pathfinder agents from around the world flock to Nerosyan, capital of the crusader nation of Mendev, to prepare for the coming adventure. When the city falls under attack, however, everyone within its walls must take up arms to defend against the Abyssal hordes. Do the Pathfinders have what it takes to hold back the demonic onslaught, or will their souls be among the first to be consumed when the Diamond of the North falls?', 'scenario', '5', 'S', '1-15', '01|02|03|04|05|06|07|08|09|10|11|12|13|14|15', 0, NULL, '0000-00-00 00:00:00', '0000-00-00 00:00:00', NULL),
(169, 'Special: Legacy of the Stonelords', 'At long last, the Pathfinders have reached the lost Sky Citadel Jormurdun only to find it already occupied by fiends and subterranean foes. The Society must mount an epic offense to explore the immense subterranean city while simultaneously driving off the squatters within. If they succeed, the Pathfinders may discover that the greatest prize is not the mountain fortress itself but the treasure that lies at its heart.', 'scenario', '6', '00', '1-11', '01|02|03|04|05|06|07|08|09|10|11', 0, NULL, '0000-00-00 00:00:00', '0000-00-00 00:00:00', NULL),
(170, 'Ruins of Bonekeep, Level Two: Maze to the Mind Slave', 'A group of Pathfinders recently delved into the ruins of Bonekeep, a siege fortress destroyed centuries ago. There they discovered not only terrifying threats but also extraordinary treasures. Warded by the magic of a senior Pathfinder, the party must explore as much of Bonekeep as they can before the spell dissipates, lest they too are enslaved by the enchanted maze that looks hauntingly more familiar with each discovery.', 'scenario', '5', 'S', '3-7', '03|04|05|06|07', 0, NULL, '0000-00-00 00:00:00', '0000-00-00 00:00:00', NULL),
(171, 'The Silverhex Chronicles', 'When the daring half-orc scholar Ulisha enrages a noble family in the River Kingdoms, she contacts the PCs with a special deal: she will sell them a unique and ancient druidic relic at a steep discount to secure the gold she needs to pay off her bounty. By the time the PCs arrive to meet her, she has gone into hiding. However, she has left behind a journal full of profitable leads as a sign of good faith. Can the PCs recover this hidden wealth and claim the powerful Silverhex before an assassin finds their friend?', 'scenario', '6', 'Q', '1', '01', 1, NULL, '0000-00-00 00:00:00', '0000-00-00 00:00:00', NULL),
(172, 'Trial by Machine', 'More than a millennium has passed since the "machine mage" Karamoss''s failed siege of Absalom, and for years the Pathfinder Society has used upper reaches of his subterranean siege tower as a training ground for initiates. During a routine drill, the once-dormant dungeon springs to life, and it will take all the PCs'' resourcefulness and skill to make it out alive.', 'scenario', '6', '1', '1-5', '01|02|03|04|05', 0, NULL, '0000-00-00 00:00:00', '0000-00-00 00:00:00', NULL),
(173, 'The Silver Mount Collection', 'The esteemed Blakros family—famous for their museum in Absalom—receives a large shipment of artifacts from Numeria but fears that the ever-vigilant Technic League will attack to reclaim its "stolen" property. When they request the help of Pathfinders to help guard the collection, the PCs discover that the Technic League is the least of their worries.', 'scenario', '6', '2', '3-7', '03|04|05|06|07', 0, NULL, '0000-00-00 00:00:00', '0000-00-00 00:00:00', NULL),
(174, 'The Technic Siege', 'When the Pathfinder Society acquires a copy of A Thread of Silver, a written survey of some of Numeria''s most closely guarded sites, the Technic League dispatches its own agents to the Pathfinder lodge in Nantambu to recover the text and make an example of those who would investigate Numeria''s otherworldly secrets. Can the PCs prevent the League from stealing this valuable tome and destroying the Society''s foothold in the Mwangi Expanse?', 'scenario', '6', '3', '5-9', '05|06|07|08|09', 0, NULL, '0000-00-00 00:00:00', '0000-00-00 00:00:00', NULL),
(175, 'Beacon Below', 'Thousands of years ago, a defeated order of Osirian sages sought refuge in the perilous Pillars of the Sun in central Osirian. Until recently they were presumed lost, but recent exploration has uncovered the fortress sanctum they left behind. When the PCs delve into one of its sealed halls, they find the sages’ millennia-old projects dormant but not dead.', 'scenario', '6', '4', '7-11', '07|08|09|10|11', 0, NULL, '0000-00-00 00:00:00', '0000-00-00 00:00:00', NULL),
(176, 'Slave Ships of Absalom', 'The metropolis of Absalom promotes commerce in its many forms, and although slavery is legal, it is increasingly common for citizens to frown on the institution. The practice becomes more questionable when an ally of the Pathfinder Society traces an attempt at supernatural surveillance through a slave. Sent as independent sleuths, the PCs must track down the source of this espionage, which takes them deep into underbelly of one of Absalom’s darkest industries.', 'scenario', '6', '5', '1-5', '01|02|03|04|05', 0, NULL, '0000-00-00 00:00:00', '0000-00-00 00:00:00', NULL),
(177, 'Hall of the Flesh Eaters', 'Shrouded in thick fog, the shifting Gloomspires north of the Shackles have long frustrated explorers. However, a recent discovery by the Pathfinder Society has revealed a brief opportunity to navigate the columns safely and search for the lost treasure of the legendary pirate Sevenfingers. The only problem is that the Pathfinders are not the only visitors to the Gloomspires.', 'scenario', '6', '6', '1-5', '01|02|03|04|05', 0, NULL, '0000-00-00 00:00:00', '0000-00-00 00:00:00', NULL),
(178, 'Valley of Veiled Flame', 'For years a Pathfinder team has surveyed Qadira’s Zho Mountains in an attempt to reconcile its twisting valleys with a series of old maps recovered years ago on the Silken Way. When the team disappears soon after reporting a strange illusory effect in a mountain pass, the Society sends the PCs—funded by an unusual benefactor—to uncover whatever is hidden in those peaks and rescue the agents. ', 'scenario', '6', '7', '5-9', '05|06|07|08|09', 0, NULL, '0000-00-00 00:00:00', '0000-00-00 00:00:00', NULL),
(179, 'The Segang Expedition', 'Rumors of a lost shrine in the Segang Jungle draw the Pathfinder Society’s attention, but the prohibitive cost of sending a team into the wilds of Jalmeray threatens to shut down the expedition before it even begins. Fortunately, a wealthy patron has offered to fund the PCs travel expenses in return for their help in his decades-old quest. Can the Pathfinders balance this new obligation with their exploration of the archaeological site?', 'scenario', '6', '8', '1-5', '01|02|03|04|05', 0, NULL, '0000-00-00 00:00:00', '0000-00-00 00:00:00', NULL),
(180, 'By Way of Bloodcove', 'For centuries the city of Bloodcove has controlled access to the invaluable Vanji River, and for nearly as long, the Aspis Consortium has controlled Bloodcove. If the Pathfinder Society is to move the equipment and personnel it needs into the Mwangi Expanse, it needs a reliable means of smuggling resources through this unforgiving settlement operated by its enemies. It’s up to the PCs to establish a backdoor through Bloodcove—all without being caught by Aspis agents.', 'scenario', '6', '9', '3-7', '03|04|05|06|07', 0, NULL, '0000-00-00 00:00:00', '0000-00-00 00:00:00', NULL),
(181, 'The Wounded Wisp', 'More than 400 years have transpired since the Pathfinder Society began in a humble tavern that has quietly weathered the centuries without incident. When a routine errand there uncovers a clue left behind by one of the founding Pathfinders, it’s up to the PCs to solve a puzzle whose pieces are scattered across Absalom—and whose prize dates back to the Society’s darkest years.', 'scenario', '6', '10', '1-2', '01|02', 1, NULL, '0000-00-00 00:00:00', '0000-00-00 00:00:00', NULL),
(182, 'The Slave Master''s Mirror', 'An elusive enemy of the Society has launched a campaign of espionage and intrigue from Stonespine Island, the homeport of the infamous Okeno pirates. The Society must sneak a team of agents through one of the largest slave markets on the Inner Sea and track the slippery mastermind to her base if they are to successfully capture the villain, and Venture-Captain Ambrus Valsin has just the team of Pathfinders in mind for the task. Can the PCs defeat this remote slave ring without becoming slaves themselves?', 'scenario', '6', '11', '3-7', '03|04|05|06|07', 0, NULL, '0000-00-00 00:00:00', '0000-00-00 00:00:00', NULL),
(183, 'Scions of the Sky Key, Part 1: On Sharrowsmith''s Trail', 'Weeks have passed since Venture-Captain Nieford Sharrowsmith departed for the Bandu Hills, and having not heard from him since but learned of an Aspis Consortium expedition bound for the same destination, the Society and local allies have grown worried for the aging explorer’s safety. As the PCs travel south on Sharrowsmith’s trail, they must track the venture-captain to the ruins he sought while also dealing with the aftermath of his actions.', 'scenario', '6', '12', '1-5', '01|02|03|04|05', 0, NULL, '0000-00-00 00:00:00', '0000-00-00 00:00:00', NULL),
(184, 'Of Kirin and Kraken', 'When imperial Lung Wa collapsed over a century ago, it shattered not only the political ties that united the successor states but also the philanthropic order known as the Way of the Kirin. Today, despite having allied itself with Venture-Captain Amara Li’s thriving Lantern Lodge and funded the Pathfinder Society’s endeavors in Tian Xia, the Way controls only a handful of its once-extensive web of strongholds. One of its leaders in Kwanlai has decided that it is time for Amara Li to demonstrate her dedication to her allies: by recovering one of the order’s most treasured relics lost in the swamps of Wanshou. It is up to the PCs to brave the realm of a kraken god-king in order to keep the Society’s alliance intact.', 'scenario', '6', '13', '7-11', '07|08|09|10|11', 0, NULL, '0000-00-00 00:00:00', '0000-00-00 00:00:00', NULL),
(185, 'Scions of the Sky Key, Part 2: Kaava Quarry', 'A powerful guardian stands vigil over the ancient ruins where Venture-Captain Nieford Sharrowsmith disappeared recently, yet the beast has a weakness: a prophesied talisman now in the possession of an elusive grippli tribe deep in the Kaava Lands. The PCs must win the reclusive people’s trust and claim the prize—all before the Aspis Consortium does!', 'scenario', '6', '14', '1-5', '01|02|03|04|05', 0, NULL, '0000-00-00 00:00:00', '0000-00-00 00:00:00', NULL),
(186, 'The Overflow Archives', 'Beneath the Grand Lodge of Absalom lie the vaults, a series of storerooms and libraries that contain much of the Society’s findings from the past centuries. Cataloguing the sundry relics and texts takes time, and finds requiring closer study find their way to an extensive vault called the Overflow Archives. Soon after a pair of initiates sneaks into the archive and steals a few items on a dare, the complex inexplicably springs a leak. It is up to the PCs to investigate this strange phenomenon and put a stop to it before thousands of priceless documents are ruined forever.', 'scenario', '6', '15', '1-5', '01|02|03|04|05', 0, NULL, '0000-00-00 00:00:00', '0000-00-00 00:00:00', NULL),
(187, 'Scions of the Sky Key, Part 3: The Golden Guardian', 'Having bested the Aspis Consortium and recovered a powerful weapon, the PCs return to the Bandu Hills to delve into its ruins, confront the ancient guardian within, and find their missing venture-captain. Even greater secrets lie below, and the Pathfinders soon find that there is more to the so-called Golden Guardian than legends suggest. Are the PCs resourceful enough to survive the mounting danger and find Nieford Sharrowsmith?', 'scenario', '6', '16', '1-5', '01|02|03|04|05', 0, NULL, '0000-00-00 00:00:00', '0000-00-00 00:00:00', NULL),
(188, 'Fires of Karamoss', 'A Pathfinder expedition has uncovered hitherto unknown levels in the Red Redoubt, a millennium-old siege fortress created by the machine-mage Karamoss. A source of Numerian technology in its own backyard piques the Society’s interest, yet informants in the redoubt speak of an aggressive contingent deep below that aims to reactivate Karamoss’s powerful forges. Can the PCs salvage the fortress’s treasure while also preventing a catastrophe that could crush Absalom?', 'scenario', '6', '17', '5-9', '05|06|07|08|09', 0, NULL, '0000-00-00 00:00:00', '0000-00-00 00:00:00', NULL),
(189, 'From Under Ice', 'Rumors of an ancient settlement and its priceless treasure locked beneath Irrisen’s perpetual ice have reached the Society’s ears. The Pathfinders set out to the Land of the Linnorm Kings with a precious cargo of trade goods to buy their way into the witch-ruled nation, but even approaching Irrisen is fraught with danger. Can the PCs navigate the frozen wastes and recover the relics within, or will the icy climate claim their lives?', 'scenario', '6', '18', '1-5', '01|02|03|04|05', 0, NULL, '0000-00-00 00:00:00', '0000-00-00 00:00:00', NULL),
(190, ' Test of Tar Kuata', 'The Iroran monastery of Tar Kuata nestled in Osirion’s Barrier Wall Mountains is famous both for its extensive history and its curious order of dwarven monks known as the Ouat. When the Society uncovers a dusty field report that identifies Tar Kuata as the home of a strange, otherworldly relic, Pathfinders set off to recover it. However the Ouat are strict judges of perfection, and the PCs must prove their worth if they are to win the monks’ trust and treasure. ', 'scenario', '6', '19', '3-7', '03|04|05|06|07', 0, NULL, '0000-00-00 00:00:00', '0000-00-00 00:00:00', NULL),
(191, 'Returned to Sky', 'Part of a Numerian relic once thought scattered to the winds has found its way back to the savage land of super-science, and the Pathfinder Society must track down the component if they are to unlock the device’s secrets. Clues point to the economic hub Chesed, where only the descendants of a shattered clan can share where their revered ancestor buried the strange artifact. Can the PCs brave the troubled city, evade the vigilant agents of the Technic League, and survive a trip into the Numerian wastes?', 'scenario', '6', '20', '7-11', '07|08|09|10|11', 0, NULL, '0000-00-00 00:00:00', '0000-00-00 00:00:00', NULL),
(192, 'Tapestry''s Toil', 'A simple retrieval mission takes an unexpected turn when the Pathfinder Society learns a valuable treasure was under its nose—within the curious demiplane connected to the Hao Jin Tapestry. The descendants of the original owners have changed in the centuries since their sequestration, though, and initial attempts to parley have ended in failure. Can the PCs discover what became of this lost people and secure the relic they guard?', 'scenario', '6', '21', '5-9', '05|06|07|08|09', 0, NULL, '0000-00-00 00:00:00', '0000-00-00 00:00:00', NULL),
(193, 'Out of Anarchy', 'Several years ago, rebellion in the seaside town of Pezzack resulted in a Chelish blockade to slowly starve the rioters into submission. Since then few have entered or left, trapping the increasingly desperate citizens with little with which to repair their broken homes and eke out a living. When the Society learns that an important informant still lives in the ruined town, the PCs must smuggle themselves into Pezzack, navigate the devastated urban landscape, and extract their contact—all without igniting a new rebellion and inviting Cheliax’s unfettered wrath.', 'scenario', '6', '22', '1-5', '01|02|03|04|05', 0, NULL, '0000-00-00 00:00:00', '0000-00-00 00:00:00', NULL),
(194, 'The Darkest Abduction', 'The occasional unexplained disappearance is common enough in Ustalav, yet a rash of unexplained abductions has led to fearful speculation on the verge of panic in the streets. Hoping to improve the Pathfinder Society’s reputation in Ustalav, Venture-Captain Basia Kalistoff has offered her lodge’s services in putting an end to this crime wave. But in a city where countless terrors haunt its underworld and institutions, can the PCs unveil the true culprit without unleashing an even darker fate on Karcau?', 'scenario', '6', '23', '7-11', '07|08|09|10|11', 0, NULL, '0000-00-00 00:00:00', '0000-00-00 00:00:00', NULL),
(195, 'Special: Siege of Serpents', 'The Pathfinder Society has opened its gates to visitors from across the world in anticipation of the Grand Convocation, a magnificent festival in which Pathfinders share tales of their exploits, show off their findings, and celebrate the Society’s accomplishments. However, an inopportune accident quickly spirals out of control when an old enemy attempts a brazen assault on the Pathfinders’ home, and an unexpected foe emerges from hiding to seek vengeance for the Society’s perceived crimes. Can the Pathfinders pacify the chaos and protect their guests while simultaneously defending the Grand Lodge?', 'scenario', '6', '97', '1-11', '01|02|03|04|05|06|07|08|09|10|11', 0, NULL, '0000-00-00 00:00:00', '0000-00-00 00:00:00', NULL),
(196, 'Serpents Rise', 'Years of political maneuvering, espionage, smuggling, and diplomacy have set the stage for the Aspis Consortium’s most ambitious attack on their Inner Sea rivals: the Pathfinder Society. All that remains are several key preparations that only an elite team of Aspis agents can arrange, and once the fireworks begin, these same agents must strike quickly and mercilessly to secure objectives—some shared and some connected to deeper plots—and escape without the Society being any the wiser.', 'scenario', '6', '98', '7', '07', 0, NULL, '0000-00-00 00:00:00', '0000-00-00 00:00:00', NULL),
(197, 'True Dragons of Absalom', 'For several years, the Pathfinder Society has enjoyed a mutually beneficial alliance with the Sewer Dragons, the dominant tribe of kobolds living beneath Absalom. When an elite patrol discovers a wounded member of the Society with a desperate message, the Sewer Dragons must move quickly intercept an extraordinary threat from seizing their territory—if not Absalom itself! In this special adventure the players portray kobolds as unlikely defenders of the City at the Center of the World.', 'scenario', '6', '99', '4', '04', 0, NULL, '0000-00-00 00:00:00', '0000-00-00 00:00:00', NULL),
(198, 'Special: The Sky Key Solution', 'At long last, the Pathfinder Society has reassembled the Numerian device known as the Sky Key. Initial tests suggest it is capable of projecting a location’s past into the present, allowing Society agents to peruse books from destroyed libraries and speak with echoes of long-dead heroes. Now that it has perfected the Sky Key’s controls, the Pathfinder Society is prepared to extract a slice of Absalom’s history and bring it into the present; however, there’s no telling what might be waiting inside—or who in the present might wish to wield the same power.', 'scenario', '7', '00', '1-11', '01|02|03|04|05|06|07|08|09|10|11', 0, NULL, '0000-00-00 00:00:00', '0000-00-00 00:00:00', NULL);

--
-- Dumping data for table `subtiers`
--

INSERT INTO `subtiers` (`id`, `name`, `created_on`, `updated_on`, `deleted`) VALUES
(1, '1', '2015-05-26 13:01:56', '2015-05-26 13:01:56', NULL),
(2, '1-2', '2015-05-26 13:01:56', '2015-05-26 13:01:56', NULL),
(3, '3-4', '2015-05-26 13:01:56', '2015-05-26 13:01:56', NULL),
(4, '4-5', '2015-05-26 13:01:56', '2015-05-26 13:01:56', NULL),
(5, '5-6', '2015-05-26 13:01:56', '2015-05-26 13:01:56', NULL),
(6, '6-7', '2015-05-26 13:01:56', '2015-05-26 13:01:56', NULL),
(7, '7', '2015-05-26 13:01:56', '2015-05-26 13:01:56', NULL),
(8, '7-8', '2015-05-26 13:01:56', '2015-05-26 13:01:56', NULL),
(9, '8-9', '2015-05-26 13:01:56', '2015-05-26 13:01:56', NULL),
(10, '10-11', '2015-05-26 13:01:56', '2015-05-26 13:01:56', NULL),
(11, '12', '2015-05-26 13:01:56', '2015-05-26 13:01:56', NULL);
SET FOREIGN_KEY_CHECKS=1;
